#TAXONOMY,Kingdom,Phylum,Class,Order,Family,Genus,Species
ASV_1,k__Fungi,p__Ascomycota,c__Sordariomycetes,o__Xylariales,f__Hyponectriaceae,g__Microdochium,s__nivalis
ASV_3,k__Fungi,p__Ascomycota,c__Dothideomycetes,o__Capnodiales,f__Cladosporiaceae,g__Cladosporium,s__ramotenellum
ASV_4,k__Fungi,p__Ascomycota,c__Sordariomycetes,o__Xylariales,f__Hyponectriaceae,g__Microdochium,s__nivalis
ASV_8,k__Fungi,p__Ascomycota,c__Dothideomycetes,o__Pleosporales,f__Didymellaceae,g__Neoascochyta,s__exitialis
ASV_12,k__Fungi,p__Basidiomycota,c__Tremellomycetes,o__Tremellales,f__Bulleribasidiaceae,g__Vishniacozyma,s__tephrensis
ASV_13,k__Fungi,p__Ascomycota,c__Leotiomycetes,o__Thelebolales,f__Pseudeurotiaceae,g__Pseudogymnoascus,s__sp
ASV_14,k__Fungi,p__Ascomycota,c__Leotiomycetes,o__Helotiales,f__Helotiaceae,g__Tetracladium,s__sp
ASV_15,k__Fungi,p__Ascomycota,c__Leotiomycetes,o__Helotiales,f__Sclerotiniaceae,g__Sclerotinia,s__borealis
ASV_16,k__Fungi,p__Ascomycota,c__Leotiomycetes,o__Helotiales,f__Helotiaceae,g__Tetracladium,s__maxilliforme
ASV_17,k__Fungi,p__Basidiomycota,c__Tremellomycetes,o__Tremellales,f__Bulleribasidiaceae,g__Dioszegia,s__crocea
ASV_18,k__Fungi,p__Ascomycota,c__Leotiomycetes,o__Helotiales,f__Hyaloscyphaceae,g__Cistella,s__sp
ASV_19,k__Fungi,p__Ascomycota,c__Dothideomycetes,o__Pleosporales,f__Leptosphaeriaceae,g__Leptosphaeria,s__sclerotioides
ASV_20,k__Fungi,p__Ascomycota,c__Dothideomycetes,o__Pleosporales,f__Didymellaceae,g__Neoascochyta,s__graminicola
ASV_21,k__Fungi,p__Basidiomycota,c__Tremellomycetes,o__Tremellales,f__Bulleribasidiaceae,g__Vishniacozyma,s__victoriae
ASV_22,k__Fungi,p__Ascomycota,c__Leotiomycetes,o__Helotiales,f__Hyaloscyphaceae,g__Cistella,s__sp
ASV_23,k__Fungi,p__Basidiomycota,c__Agaricomycetes,o__Agaricales,f__Typhulaceae,g__Typhula,s__ishikariensis
ASV_24,k__Fungi,p__Basidiomycota,c__Agaricomycetes,o__Agaricales,f__Typhulaceae,g__Typhula,s__ishikariensis
ASV_25,k__Fungi,p__Ascomycota,c__Leotiomycetes,o__Helotiales,unclassified_o__Helotiales,unclassified_o__Helotiales,unclassified_o__Helotiales
ASV_26,k__Fungi,p__Basidiomycota,c__Tremellomycetes,o__Tremellales,f__Bulleribasidiaceae,g__Dioszegia,s__hungarica
ASV_28,k__Fungi,p__Ascomycota,c__Leotiomycetes,o__Helotiales,f__Pleuroascaceae,g__Entimomentora,s__hyalina
ASV_29,k__Fungi,p__Ascomycota,c__Leotiomycetes,o__Thelebolales,f__Pseudeurotiaceae,g__Pseudogymnoascus,s__sp
ASV_31,k__Fungi,p__Basidiomycota,c__Tremellomycetes,o__Tremellales,f__Bulleribasidiaceae,g__Vishniacozyma,s__victoriae
ASV_32,k__Fungi,p__Basidiomycota,c__Tremellomycetes,o__Tremellales,f__Bulleribasidiaceae,g__Dioszegia,s__hungarica
ASV_33,k__Fungi,p__Ascomycota,c__Sordariomycetes,o__Xylariales,f__Hyponectriaceae,g__Microdochium,s__bolleyi
ASV_34,k__Fungi,p__Basidiomycota,c__Tremellomycetes,o__Tremellales,f__Bulleribasidiaceae,g__Vishniacozyma,s__victoriae
ASV_35,k__Fungi,p__Basidiomycota,c__Tremellomycetes,o__Cystofilobasidiales,f__Mrakiaceae,g__Itersonilia,s__pannonica
ASV_36,k__Fungi,p__Ascomycota,c__Dothideomycetes,o__Pleosporales,f__Leptosphaeriaceae,g__Leptosphaeria,s__sclerotioides
ASV_37,k__Fungi,p__Ascomycota,c__Dothideomycetes,o__Pleosporales,f__Phaeosphaeriaceae,g__Phaeosphaeria,s__tofieldiae
ASV_38,k__Fungi,p__Ascomycota,c__Leotiomycetes,o__Thelebolales,f__Pseudeurotiaceae,g__Pseudogymnoascus,s__roseus
ASV_40,k__Fungi,p__Ascomycota,c__Dothideomycetes,o__Pleosporales,f__Phaeosphaeriaceae,g__Ophiosphaerella,unclassified_g__Ophiosphaerella
ASV_42,k__Fungi,p__Ascomycota,c__Leotiomycetes,o__Helotiales,f__Ploettnerulaceae,g__Helgardiomyces,s__anguioides
ASV_44,k__Fungi,p__Ascomycota,c__Dothideomycetes,o__Pleosporales,f__Phaeosphaeriaceae,g__Phaeosphaeria,s__sp
ASV_45,k__Fungi,p__Ascomycota,c__Sordariomycetes,o__Hypocreales,unclassified_o__Hypocreales,unclassified_o__Hypocreales,unclassified_o__Hypocreales
ASV_46,k__Fungi,p__Ascomycota,c__Sordariomycetes,o__Hypocreales,f__Nectriaceae,g__Fusarium,s__iranicum
ASV_47,k__Fungi,p__Ascomycota,c__Sordariomycetes,o__Hypocreales,f__Nectriaceae,g__Fusarium,s__acuminatum
ASV_48,k__Fungi,p__Ascomycota,c__Dothideomycetes,o__Pleosporales,f__Didymellaceae,unclassified_f__Didymellaceae,unclassified_f__Didymellaceae
ASV_49,k__Fungi,p__Ascomycota,c__Leotiomycetes,o__Helotiales,f__Dermateaceae,g__Oculimacula,s__yallundae
ASV_51,k__Fungi,p__Ascomycota,c__Dothideomycetes,o__Pleosporales,f__Didymellaceae,g__Epicoccum,s__nigrum
ASV_52,k__Fungi,p__Ascomycota,c__Leotiomycetes,o__Helotiales,f__Hyaloscyphaceae,unclassified_f__Hyaloscyphaceae,unclassified_f__Hyaloscyphaceae
ASV_53,k__Fungi,p__Ascomycota,c__Sordariomycetes,o__Hypocreales,f__Nectriaceae,g__Nectria,s__ramulariae
ASV_54,k__Fungi,p__Ascomycota,c__Dothideomycetes,o__Pleosporales,f__Melanommataceae,g__Alpinaria,s__rhododendri
ASV_55,k__Fungi,p__Ascomycota,c__Dothideomycetes,o__Pleosporales,f__Phaeosphaeriaceae,g__Phaeosphaeria,s__tofieldiae
ASV_56,k__Fungi,p__Ascomycota,c__Dothideomycetes,o__Pleosporales,f__Pleomassariaceae,g__Prosthemium,unclassified_g__Prosthemium
ASV_57,k__Fungi,p__Basidiomycota,c__Agaricomycetes,o__Agaricales,f__Typhulaceae,g__Typhula,s__incarnata
ASV_58,k__Fungi,p__Ascomycota,c__Eurotiomycetes,o__Chaetothyriales,f__Herpotrichiellaceae,g__Phialophora,s__mustea
ASV_59,k__Fungi,p__Basidiomycota,c__Tremellomycetes,o__Tremellales,f__Bulleribasidiaceae,g__Dioszegia,unclassified_g__Dioszegia
ASV_60,k__Fungi,p__Ascomycota,c__Leotiomycetes,o__Thelebolales,f__Pseudeurotiaceae,g__Pseudogymnoascus,unclassified_g__Pseudogymnoascus
ASV_61,k__Fungi,p__Ascomycota,c__Sordariomycetes,o__Hypocreales,f__Nectriaceae,g__Fusarium,s__salinense
ASV_62,k__Fungi,p__Ascomycota,c__Sordariomycetes,o__Hypocreales,f__Nectriaceae,g__Fusarium,s__coffeatum
ASV_63,k__Fungi,p__Basidiomycota,c__Tremellomycetes,o__Tremellales,f__Bulleribasidiaceae,g__Vishniacozyma,s__globispora
ASV_64,k__Fungi,p__Basidiomycota,c__Microbotryomycetes,o__Leucosporidiales,f__Leucosporidiaceae,g__Leucosporidium,s__intermedium
ASV_65,k__Fungi,p__Ascomycota,c__Dothideomycetes,o__Pleosporales,f__Pleosporaceae,g__Alternaria,s__angustiovoidea
ASV_66,k__Fungi,p__Ascomycota,c__Sordariomycetes,o__Hypocreales,f__Nectriaceae,g__Gibberella,s__tricincta
ASV_67,k__Fungi,p__Ascomycota,c__Dothideomycetes,o__Pleosporales,f__Phaeosphaeriaceae,g__Phaeosphaeria,s__tofieldiae
ASV_69,k__Fungi,p__Ascomycota,c__Dothideomycetes,o__Capnodiales,f__Cladosporiaceae,g__Cladosporium,s__ramotenellum
ASV_70,k__Fungi,p__Ascomycota,c__Sordariomycetes,o__Hypocreales,f__Nectriaceae,g__Fusarium,s__equiseti
ASV_71,k__Fungi,p__Ascomycota,c__Sordariomycetes,o__Hypocreales,f__Nectriaceae,g__Fusarium,s__oxysporum
ASV_72,k__Fungi,p__Ascomycota,c__Eurotiomycetes,o__Eurotiales,f__Aspergillaceae,g__Penicillium,s__aurantiogriseum
ASV_74,k__Fungi,p__Ascomycota,c__Leotiomycetes,o__Thelebolales,f__Pseudeurotiaceae,g__Pseudogymnoascus,s__appendiculatus
ASV_75,k__Fungi,p__Ascomycota,c__Sordariomycetes,o__Hypocreales,f__Nectriaceae,g__Fusarium,unclassified_g__Fusarium
ASV_76,k__Fungi,p__Ascomycota,c__Sordariomycetes,o__Hypocreales,f__Nectriaceae,g__Fusarium,unclassified_g__Fusarium
ASV_78,k__Fungi,p__Ascomycota,c__Leotiomycetes,o__Helotiales,f__Ploettnerulaceae,g__Helgardiomyces,s__anguioides
ASV_79,k__Fungi,p__Ascomycota,c__Dothideomycetes,o__Pleosporales,f__Massarinaceae,g__Stagonospora,s__pseudovitensis
ASV_80,k__Fungi,p__Ascomycota,c__Dothideomycetes,o__Pleosporales,f__Lindgomycetaceae,g__Clohesyomyces,s__aquaticus
ASV_81,k__Fungi,p__Ascomycota,c__Leotiomycetes,o__Helotiales,f__Hyaloscyphaceae,g__Cistella,unclassified_g__Cistella
ASV_82,k__Fungi,p__Ascomycota,c__Dothideomycetes,o__Pleosporales,f__Didymellaceae,g__Neoascochyta,s__europaea
ASV_84,k__Fungi,p__Ascomycota,c__Leotiomycetes,o__Helotiales,f__Helotiaceae,g__Tetracladium,s__sp
ASV_85,k__Fungi,p__Ascomycota,c__Dothideomycetes,o__Pleosporales,f__Phaeosphaeriaceae,g__Neosetophoma,s__samarorum
ASV_86,k__Fungi,p__Ascomycota,c__Leotiomycetes,o__Helotiales,f__Helotiaceae,g__Tetracladium,unclassified_g__Tetracladium
ASV_89,k__Fungi,p__Ascomycota,c__Leotiomycetes,o__Helotiales,f__Helotiaceae,g__Bisporella,s__shangrilana
ASV_90,k__Fungi,p__Ascomycota,c__Leotiomycetes,o__Helotiales,f__Helotiaceae,g__Tetracladium,unclassified_g__Tetracladium
ASV_91,k__Fungi,p__Basidiomycota,c__Microbotryomycetes,o__Sporidiobolales,f__Sporidiobolaceae,g__Sporobolomyces,s__roseus
ASV_92,k__Fungi,p__Ascomycota,c__Leotiomycetes,o__Helotiales,f__Helotiaceae,g__Articulospora,s__proliferata
ASV_93,k__Fungi,p__Basidiomycota,c__Agaricomycetes,o__Cantharellales,f__Ceratobasidiaceae,g__Ceratobasidium,s__cereale
ASV_98,k__Fungi,p__Basidiomycota,c__Tremellomycetes,o__Tremellales,f__Bulleribasidiaceae,g__Vishniacozyma,s__tephrensis
ASV_99,k__Fungi,p__Ascomycota,c__Eurotiomycetes,o__Chaetothyriales,f__Herpotrichiellaceae,g__Exophiala,s__radicis
ASV_100,k__Fungi,p__Ascomycota,c__Leotiomycetes,o__Helotiales,f__Helotiaceae,g__Tetracladium,unclassified_g__Tetracladium
ASV_101,k__Fungi,p__Ascomycota,c__Leotiomycetes,o__Helotiales,f__Helotiaceae,unclassified_f__Helotiaceae,unclassified_f__Helotiaceae
ASV_102,k__Fungi,p__Ascomycota,c__Sordariomycetes,o__Hypocreales,f__Hypocreales_fam_Incertae_sedis,g__Sarocladium,s__summerbellii
ASV_103,k__Fungi,p__Ascomycota,c__Dothideomycetes,o__Pleosporales,f__Lentitheciaceae,g__Keissleriella,unclassified_g__Keissleriella
ASV_105,k__Fungi,p__Ascomycota,c__Sordariomycetes,o__Sordariales,f__Lasiosphaeriaceae,g__Apodus,s__deciduus
ASV_106,k__Fungi,p__Ascomycota,c__Leotiomycetes,o__Helotiales,f__Hyaloscyphaceae,g__Cistella,unclassified_g__Cistella
ASV_107,k__Fungi,p__Basidiomycota,c__Agaricomycetes,o__Cantharellales,f__Ceratobasidiaceae,g__Ceratobasidium,s__cereale
ASV_108,k__Fungi,p__Ascomycota,c__Leotiomycetes,o__Thelebolales,f__Pseudeurotiaceae,g__Pseudogymnoascus,unclassified_g__Pseudogymnoascus
ASV_110,k__Fungi,p__Ascomycota,c__Leotiomycetes,o__Helotiales,f__Hyaloscyphaceae,g__Lachnum,unclassified_g__Lachnum
ASV_111,k__Fungi,p__Ascomycota,c__Dothideomycetes,o__Pleosporales,f__Pleosporaceae,g__Alternaria,s__oregonensis
ASV_112,k__Fungi,p__Basidiomycota,c__Agaricomycetes,o__Cantharellales,f__Ceratobasidiaceae,g__Ceratorhiza,s__rhizodes
ASV_113,k__Fungi,p__Mortierellomycota,c__Mortierellomycetes,o__Mortierellales,f__Mortierellaceae,g__Mortierella,s__elongata
ASV_114,k__Fungi,p__Ascomycota,c__Dothideomycetes,o__Pleosporales,f__Phaeosphaeriaceae,g__Phaeosphaeria,s__tofieldiae
ASV_115,k__Fungi,p__Ascomycota,c__Dothideomycetes,o__Pleosporales,f__Pleosporaceae,g__Alternaria,s__rosae
ASV_116,k__Fungi,p__Ascomycota,c__Dothideomycetes,o__Pleosporales,f__Phaeosphaeriaceae,unclassified_f__Phaeosphaeriaceae,unclassified_f__Phaeosphaeriaceae
ASV_117,k__Fungi,p__Ascomycota,c__Leotiomycetes,o__Helotiales,f__Helotiaceae,g__Tetracladium,unclassified_g__Tetracladium
ASV_119,k__Fungi,p__Ascomycota,c__Dothideomycetes,o__Pleosporales,unclassified_o__Pleosporales,unclassified_o__Pleosporales,unclassified_o__Pleosporales
ASV_121,k__Fungi,p__Basidiomycota,c__Tremellomycetes,o__Cystofilobasidiales,f__Mrakiaceae,g__Mrakia,s__frigida
ASV_122,k__Fungi,p__Ascomycota,c__Sordariomycetes,o__Sordariales,f__Lasiosphaeriaceae,g__Podospora,s__multipilosa
ASV_123,k__Fungi,p__Ascomycota,c__Dothideomycetes,o__Pleosporales,f__Pleosporaceae,g__Alternaria,s__oregonensis
ASV_124,k__Fungi,p__Basidiomycota,c__Agaricomycetes,o__Agaricales,f__Typhulaceae,g__Typhula,s__incarnata
ASV_125,k__Fungi,p__Ascomycota,c__Sordariomycetes,o__Hypocreales,f__Hypocreales_fam_Incertae_sedis,g__Sarocladium,s__strictum
ASV_126,k__Fungi,p__Ascomycota,c__Dothideomycetes,o__Pleosporales,f__Leptosphaeriaceae,g__Leptosphaeria,s__sclerotioides
ASV_128,k__Fungi,p__Ascomycota,c__Sordariomycetes,o__Xylariales,f__Xylariales_fam_Incertae_sedis,g__Fusidium,unclassified_g__Fusidium
ASV_130,k__Fungi,p__Chytridiomycota,unclassified_p__Chytridiomycota,unclassified_p__Chytridiomycota,unclassified_p__Chytridiomycota,unclassified_p__Chytridiomycota,unclassified_p__Chytridiomycota
ASV_131,k__Fungi,p__Ascomycota,c__Leotiomycetes,o__Helotiales,f__Helotiaceae,g__Bisporella,s__shangrilana
ASV_132,k__Fungi,p__Mortierellomycota,c__Mortierellomycetes,o__Mortierellales,f__Mortierellaceae,g__Mortierella,unclassified_g__Mortierella
ASV_133,k__Fungi,p__Ascomycota,c__Sordariomycetes,o__Microascales,f__Microascaceae,g__Cephalotrichum,s__stemonitis
ASV_135,k__Fungi,p__Basidiomycota,c__Agaricomycetes,o__Atheliales,f__Atheliaceae,g__Athelia,unclassified_g__Athelia
ASV_139,k__Fungi,p__Ascomycota,c__Leotiomycetes,o__Helotiales,f__Helotiales_fam_Incertae_sedis,g__Obtectodiscus,unclassified_g__Obtectodiscus
ASV_142,k__Fungi,p__Ascomycota,c__Sordariomycetes,o__Sordariomycetes_ord_Incertae_sedis,f__Sordariomycetes_fam_Incertae_sedis,g__Pleurophragmium,unclassified_g__Pleurophragmium
ASV_143,k__Fungi,p__Ascomycota,c__Dothideomycetes,o__Pleosporales,f__Melanommataceae,g__Alpinaria,unclassified_g__Alpinaria
ASV_144,k__Fungi,p__Basidiomycota,c__Agaricomycetes,o__Agaricales,unclassified_o__Agaricales,unclassified_o__Agaricales,unclassified_o__Agaricales
ASV_146,k__Fungi,p__Ascomycota,c__Dothideomycetes,o__Pleosporales,f__Phaeosphaeriaceae,g__Septoriella,s__hirta
ASV_147,k__Fungi,p__Ascomycota,c__Eurotiomycetes,o__Eurotiales,f__Aspergillaceae,g__Penicillium,s__griseofulvum
ASV_148,k__Fungi,p__Ascomycota,c__Sordariomycetes,o__Hypocreales,f__Nectriaceae,g__Fusarium,s__petersiae
ASV_149,k__Fungi,p__Ascomycota,c__Leotiomycetes,o__Helotiales,f__Hyaloscyphaceae,g__Cistella,unclassified_g__Cistella
ASV_150,k__Fungi,p__Ascomycota,c__Eurotiomycetes,o__Chaetothyriales,f__Herpotrichiellaceae,g__Phialophora,s__mustea
ASV_151,k__Fungi,p__Ascomycota,c__Sordariomycetes,o__Sordariales,f__Chaetomiaceae,g__Chaetomium,s__globosum
ASV_152,k__Fungi,p__Basidiomycota,c__Agaricomycetes,o__Auriculariales,f__Auriculariales_fam_Incertae_sedis,g__Oliveonia,unclassified_g__Oliveonia
ASV_155,k__Fungi,p__Ascomycota,c__Leotiomycetes,o__Helotiales,f__Helotiaceae,unclassified_f__Helotiaceae,unclassified_f__Helotiaceae
ASV_156,k__Fungi,p__Ascomycota,c__Leotiomycetes,o__Helotiales,f__Helotiaceae,g__Tetracladium,unclassified_g__Tetracladium
ASV_158,k__Fungi,p__Ascomycota,c__Sordariomycetes,o__Magnaporthales,f__Magnaporthaceae,g__Gaeumannomyces,s__hyphopodioides
ASV_159,k__Fungi,p__Ascomycota,c__Dothideomycetes,o__Pleosporales,f__Phaeosphaeriaceae,unclassified_f__Phaeosphaeriaceae,unclassified_f__Phaeosphaeriaceae
ASV_161,k__Fungi,p__Ascomycota,c__Sordariomycetes,o__Sordariales,f__Lasiosphaeriaceae,g__Schizothecium,unclassified_g__Schizothecium
ASV_162,k__Fungi,p__Ascomycota,c__Dothideomycetes,o__Pleosporales,f__Phaeosphaeriaceae,g__Parastagonospora,unclassified_g__Parastagonospora
ASV_164,k__Fungi,p__Ascomycota,c__Leotiomycetes,o__Helotiales,unclassified_o__Helotiales,unclassified_o__Helotiales,unclassified_o__Helotiales
ASV_165,k__Fungi,p__Basidiomycota,c__Agaricomycetes,o__Atheliales,f__Atheliaceae,g__Athelia,unclassified_g__Athelia
ASV_168,k__Fungi,p__Ascomycota,c__Leotiomycetes,o__Helotiales,f__Helotiaceae,g__Glarea,s__lozoyensis
ASV_169,k__Fungi,p__Ascomycota,c__Sordariomycetes,o__Sordariales,f__Chaetomiaceae,g__Chaetomium,s__novozelandicum
ASV_170,k__Fungi,p__Ascomycota,c__Leotiomycetes,o__Helotiales,f__Hyaloscyphaceae,g__Cistella,unclassified_g__Cistella
ASV_171,k__Fungi,p__Ascomycota,c__Leotiomycetes,o__Thelebolales,f__Pseudeurotiaceae,g__Pseudogymnoascus,unclassified_g__Pseudogymnoascus
ASV_173,k__Fungi,p__Ascomycota,c__Sordariomycetes,o__Glomerellales,f__Plectosphaerellaceae,g__Plectosphaerella,s__cucumerina
ASV_174,k__Fungi,p__Ascomycota,c__Dothideomycetes,o__Pleosporales,unclassified_o__Pleosporales,unclassified_o__Pleosporales,unclassified_o__Pleosporales
ASV_176,k__Fungi,p__Basidiomycota,c__Agaricomycetes,o__Agaricales,unclassified_o__Agaricales,unclassified_o__Agaricales,unclassified_o__Agaricales
ASV_177,k__Fungi,p__Ascomycota,c__Leotiomycetes,o__Helotiales,f__Helotiaceae,g__Glarea,unclassified_g__Glarea
ASV_179,k__Fungi,p__Ascomycota,c__Sordariomycetes,o__Xylariales,f__Xylariaceae,g__Rosellinia,unclassified_g__Rosellinia
ASV_180,k__Fungi,p__Ascomycota,c__Sordariomycetes,o__Xylariales,unclassified_o__Xylariales,unclassified_o__Xylariales,unclassified_o__Xylariales
ASV_181,k__Fungi,p__Basidiomycota,c__Tremellomycetes,o__Holtermanniales,f__Holtermanniales_fam_Incertae_sedis,g__Holtermanniella,s__takashimae
ASV_183,k__Fungi,p__Ascomycota,c__Sordariomycetes,o__Sordariales,f__Chaetomiaceae,g__Chaetomium,s__longiciliata
ASV_184,k__Fungi,p__Mortierellomycota,c__Mortierellomycetes,o__Mortierellales,f__Mortierellaceae,g__Mortierella,unclassified_g__Mortierella
ASV_185,k__Fungi,p__Ascomycota,c__Sordariomycetes,o__Sordariales,f__Lasiosphaeriaceae,g__Schizothecium,s__carpinicola
ASV_186,k__Fungi,p__Ascomycota,c__Sordariomycetes,o__Sordariales,f__Lasiosphaeriaceae,g__Apodus,s__deciduus
ASV_187,k__Fungi,p__Ascomycota,c__Eurotiomycetes,o__Chaetothyriales,f__Herpotrichiellaceae,g__Exophiala,s__radicis
ASV_188,k__Fungi,p__Ascomycota,c__Sordariomycetes,o__Hypocreales,f__Nectriaceae,g__Fusarium,s__acutatum
ASV_190,k__Fungi,p__Ascomycota,c__Dothideomycetes,o__Pleosporales,f__Pleosporaceae,g__Alternaria,unclassified_g__Alternaria
ASV_191,k__Fungi,p__Ascomycota,c__Leotiomycetes,o__Helotiales,f__Helotiaceae,g__Tetracladium,unclassified_g__Tetracladium
ASV_193,k__Fungi,p__Basidiomycota,c__Tremellomycetes,o__Cystofilobasidiales,f__Mrakiaceae,g__Mrakia,s__frigida
ASV_196,k__Fungi,p__Ascomycota,c__Leotiomycetes,o__Helotiales,f__Hyaloscyphaceae,g__Cistella,unclassified_g__Cistella
ASV_198,k__Fungi,p__Ascomycota,c__Dothideomycetes,o__Pleosporales,f__Phaeosphaeriaceae,g__Phaeosphaeria,s__tofieldiae
ASV_200,k__Fungi,p__Ascomycota,c__Sordariomycetes,o__Sordariales,f__Lasiosphaeriaceae,g__Schizothecium,unclassified_g__Schizothecium
ASV_204,k__Fungi,p__Ascomycota,c__Sordariomycetes,o__Hypocreales,f__Bionectriaceae,unclassified_f__Bionectriaceae,unclassified_f__Bionectriaceae
ASV_208,k__Fungi,p__Ascomycota,c__Leotiomycetes,o__Phacidiales,f__Phacidiaceae,g__Gremmenia,s__infestans
ASV_209,k__Fungi,p__Ascomycota,c__Sordariomycetes,o__Hypocreales,f__Nectriaceae,g__Fusicolla,s__aquaeductuum
ASV_211,k__Fungi,p__Ascomycota,c__Sordariomycetes,o__Sordariales,f__Chaetomiaceae,unclassified_f__Chaetomiaceae,unclassified_f__Chaetomiaceae
ASV_212,k__Fungi,p__Ascomycota,c__Dothideomycetes,o__Pleosporales,f__Pleosporaceae,g__Alternaria,unclassified_g__Alternaria
ASV_213,k__Fungi,p__Ascomycota,c__Sordariomycetes,o__Hypocreales,f__Nectriaceae,g__Fusicolla,s__aquaeductuum
ASV_216,k__Fungi,p__Ascomycota,c__Leotiomycetes,o__Helotiales,f__Helotiaceae,g__Tetracladium,unclassified_g__Tetracladium
ASV_217,k__Fungi,p__Basidiomycota,c__Exobasidiomycetes,o__Entylomatales,f__Entylomataceae,g__Entyloma,s__calendulae
ASV_219,k__Fungi,p__Mucoromycota,c__Mucoromycetes,o__Mucorales,f__Rhizopodaceae,g__Rhizopus,s__arrhizus
ASV_221,k__Fungi,p__Ascomycota,c__Leotiomycetes,o__Helotiales,f__Hyaloscyphaceae,g__Lachnum,unclassified_g__Lachnum
ASV_222,k__Fungi,p__Ascomycota,c__Sordariomycetes,o__Sordariales,f__Lasiosphaeriaceae,g__Schizothecium,s__curvisporum
ASV_224,k__Fungi,p__Ascomycota,c__Sordariomycetes,o__Hypocreales,f__Hypocreales_fam_Incertae_sedis,g__Sarocladium,unclassified_g__Sarocladium
ASV_226,k__Fungi,p__Ascomycota,c__Sordariomycetes,o__Microascales,f__Microascaceae,g__Cephalotrichum,s__hinnuleum
ASV_231,k__Fungi,p__Basidiomycota,c__Agaricomycetes,o__Russulales,f__Lachnocladiaceae,g__Vararia,s__breviphysa
ASV_233,k__Fungi,p__Ascomycota,c__Eurotiomycetes,o__Onygenales,f__Onygenales_fam_Incertae_sedis,g__Chrysosporium,s__pseudomerdarium
ASV_234,k__Fungi,p__Basidiomycota,c__Agaricomycetes,o__Atheliales,f__Atheliaceae,g__Athelia,unclassified_g__Athelia
ASV_237,k__Fungi,p__Olpidiomycota,c__Olpidiomycetes,o__Olpidiales,f__Olpidiaceae,unclassified_f__Olpidiaceae,unclassified_f__Olpidiaceae
ASV_238,k__Fungi,p__Ascomycota,c__Dothideomycetes,o__Pleosporales,f__Phaeosphaeriaceae,g__Paraphoma,s__chrysanthemicola
ASV_239,k__Fungi,p__Chytridiomycota,unclassified_p__Chytridiomycota,unclassified_p__Chytridiomycota,unclassified_p__Chytridiomycota,unclassified_p__Chytridiomycota,unclassified_p__Chytridiomycota
ASV_240,k__Fungi,p__Ascomycota,c__Sordariomycetes,o__Hypocreales,f__Bionectriaceae,g__Clonostachys,s__rosea
ASV_241,k__Fungi,p__Ascomycota,c__Dothideomycetes,o__Pleosporales,f__Phaeosphaeriaceae,unclassified_f__Phaeosphaeriaceae,unclassified_f__Phaeosphaeriaceae
ASV_245,k__Fungi,p__Basidiomycota,c__Agaricomycetes,o__Atheliales,f__Atheliaceae,g__Athelia,s__decipiens
ASV_247,k__Fungi,p__Ascomycota,c__Dothideomycetes,o__Pleosporales,f__Melanommataceae,g__Alpinaria,s__rhododendri
ASV_250,k__Fungi,p__Ascomycota,c__Sordariomycetes,o__Sordariales,f__Lasiosphaeriaceae,g__Schizothecium,unclassified_g__Schizothecium
ASV_252,k__Fungi,p__Ascomycota,c__Sordariomycetes,o__Sordariales,f__Chaetomiaceae,g__Chaetomium,s__nozdrenkoae
ASV_253,k__Fungi,p__Ascomycota,c__Sordariomycetes,o__Xylariales,f__Hyponectriaceae,g__Microdochium,s__nivalis
ASV_254,k__Fungi,p__Ascomycota,c__Dothideomycetes,o__Pleosporales,f__Phaeosphaeriaceae,g__Paraphoma,s__radicina
ASV_255,k__Fungi,p__Ascomycota,c__Sordariomycetes,o__Hypocreales,f__Nectriaceae,g__Fusarium,unclassified_g__Fusarium
ASV_258,k__Fungi,p__Chytridiomycota,unclassified_p__Chytridiomycota,unclassified_p__Chytridiomycota,unclassified_p__Chytridiomycota,unclassified_p__Chytridiomycota,unclassified_p__Chytridiomycota
ASV_259,k__Fungi,p__Chytridiomycota,unclassified_p__Chytridiomycota,unclassified_p__Chytridiomycota,unclassified_p__Chytridiomycota,unclassified_p__Chytridiomycota,unclassified_p__Chytridiomycota
ASV_260,k__Fungi,p__Ascomycota,c__Dothideomycetes,o__Pleosporales,f__Phaeosphaeriaceae,g__Paraphoma,s__chrysanthemicola
ASV_261,k__Fungi,p__Ascomycota,c__Sordariomycetes,o__Hypocreales,unclassified_o__Hypocreales,unclassified_o__Hypocreales,unclassified_o__Hypocreales
ASV_262,k__Fungi,p__Ascomycota,c__Leotiomycetes,o__Helotiales,f__Hyaloscyphaceae,g__Lachnum,unclassified_g__Lachnum
ASV_263,k__Fungi,p__Ascomycota,c__Leotiomycetes,o__Helotiales,f__Helotiaceae,g__Helicodendron,s__westerdijkiae
ASV_264,k__Fungi,p__Ascomycota,c__Sordariomycetes,o__Hypocreales,f__Nectriaceae,g__Gibberella,s__zeae
ASV_265,k__Fungi,p__Basidiomycota,c__Agaricomycetes,o__Agaricales,f__Psathyrellaceae,g__Parasola,s__lilatincta
ASV_268,k__Fungi,p__Ascomycota,c__Sordariomycetes,o__Sordariales,f__Chaetomiaceae,g__Chaetomium,s__novozelandicum
ASV_272,k__Fungi,p__Ascomycota,c__Leotiomycetes,o__Helotiales,f__Helotiaceae,unclassified_f__Helotiaceae,unclassified_f__Helotiaceae
ASV_273,k__Fungi,p__Mucoromycota,c__Mucoromycetes,o__Mucorales,f__Mucoraceae,g__Actinomucor,s__elegans
ASV_274,k__Fungi,p__Basidiomycota,c__Agaricomycetes,o__Russulales,f__Lachnocladiaceae,g__Vararia,s__breviphysa
ASV_275,k__Fungi,p__Ascomycota,c__Leotiomycetes,o__Helotiales,f__Helotiaceae,g__Tetracladium,unclassified_g__Tetracladium
ASV_277,k__Fungi,p__Ascomycota,c__Eurotiomycetes,o__Onygenales,f__Onygenales_fam_Incertae_sedis,g__Chrysosporium,s__pseudomerdarium
ASV_279,k__Fungi,p__Ascomycota,c__Sordariomycetes,o__Hypocreales,f__Nectriaceae,g__Dactylonectria,s__macrodidyma
ASV_280,k__Fungi,p__Ascomycota,c__Leotiomycetes,o__Helotiales,f__Helotiales_fam_Incertae_sedis,g__Rhexocercosporidium,s__panacis
ASV_281,k__Fungi,p__Basidiomycota,c__Agaricomycetes,o__Atheliales,f__Atheliaceae,g__Athelia,unclassified_g__Athelia
ASV_287,k__Fungi,p__Ascomycota,c__Dothideomycetes,o__Capnodiales,f__Dissoconiaceae,g__Dissoconium,unclassified_g__Dissoconium
ASV_288,k__Fungi,p__Ascomycota,c__Dothideomycetes,o__Pleosporales,f__Periconiaceae,g__Periconia,unclassified_g__Periconia
ASV_291,k__Fungi,p__Ascomycota,c__Leotiomycetes,o__Helotiales,f__Helotiaceae,g__Tetracladium,unclassified_g__Tetracladium
ASV_292,k__Fungi,p__Basidiomycota,c__Tremellomycetes,o__Filobasidiales,f__Filobasidiaceae,g__Filobasidium,s__floriforme
ASV_293,k__Fungi,p__Ascomycota,c__Sordariomycetes,o__Hypocreales,f__Bionectriaceae,unclassified_f__Bionectriaceae,unclassified_f__Bionectriaceae
ASV_294,k__Fungi,p__Ascomycota,c__Leotiomycetes,o__Helotiales,f__Hyaloscyphaceae,g__Lachnum,unclassified_g__Lachnum
ASV_296,k__Fungi,p__Ascomycota,c__Sordariomycetes,o__Sordariales,f__Lasiosphaeriaceae,g__Schizothecium,s__carpinicola
ASV_297,k__Fungi,p__Ascomycota,c__Leotiomycetes,o__Helotiales,f__Sclerotiniaceae,g__Clarireedia,unclassified_g__Clarireedia
ASV_298,k__Fungi,p__Ascomycota,c__Sordariomycetes,o__Sordariales,f__Lasiosphaeriaceae,g__Apodus,s__deciduus
ASV_299,k__Fungi,p__Ascomycota,c__Dothideomycetes,o__Pleosporales,f__Phaeosphaeriaceae,unclassified_f__Phaeosphaeriaceae,unclassified_f__Phaeosphaeriaceae
ASV_301,k__Fungi,p__Mortierellomycota,c__Mortierellomycetes,o__Mortierellales,f__Mortierellaceae,g__Mortierella,s__hyalina
ASV_303,k__Fungi,p__Chytridiomycota,unclassified_p__Chytridiomycota,unclassified_p__Chytridiomycota,unclassified_p__Chytridiomycota,unclassified_p__Chytridiomycota,unclassified_p__Chytridiomycota
ASV_304,k__Fungi,p__Ascomycota,c__Dothideomycetes,o__Pleosporales,f__Melanommataceae,unclassified_f__Melanommataceae,unclassified_f__Melanommataceae
ASV_305,k__Fungi,p__Ascomycota,c__Dothideomycetes,o__Pleosporales,f__Phaeosphaeriaceae,g__Phaeosphaeria,s__tofieldiae
ASV_309,k__Fungi,p__Ascomycota,c__Leotiomycetes,o__Helotiales,f__Hyaloscyphaceae,g__Cistella,unclassified_g__Cistella
ASV_311,k__Fungi,p__Ascomycota,c__Dothideomycetes,o__Pleosporales,f__Pleosporaceae,g__Alternaria,s__oregonensis
ASV_315,k__Fungi,p__Ascomycota,c__Dothideomycetes,o__Pleosporales,f__Melanommataceae,g__Pleotrichocladium,s__opacum
ASV_316,k__Fungi,p__Mucoromycota,c__Mucoromycetes,o__Mucorales,f__Mucoraceae,g__Actinomucor,s__elegans
ASV_317,k__Fungi,p__Mortierellomycota,c__Mortierellomycetes,o__Mortierellales,f__Mortierellaceae,g__Mortierella,s__globalpina
ASV_318,k__Fungi,p__Ascomycota,c__Leotiomycetes,o__Helotiales,f__Hyaloscyphaceae,g__Cistella,unclassified_g__Cistella
ASV_320,k__Fungi,p__Mortierellomycota,c__Mortierellomycetes,o__Mortierellales,f__Mortierellaceae,g__Mortierella,unclassified_g__Mortierella
ASV_322,k__Fungi,p__Basidiomycota,c__Agaricomycetes,o__Agaricomycetes_ord_Incertae_sedis,f__Agaricomycetes_fam_Incertae_sedis,g__Akenomyces,s__costatus
ASV_323,k__Fungi,p__Basidiomycota,c__Agaricomycetes,o__Cantharellales,f__Cantharellales_fam_Incertae_sedis,g__Sistotrema,s__coronilla
ASV_324,k__Fungi,unclassified_k__Fungi,unclassified_k__Fungi,unclassified_k__Fungi,unclassified_k__Fungi,unclassified_k__Fungi,unclassified_k__Fungi
ASV_325,k__Fungi,p__Ascomycota,c__Sordariomycetes,o__Sordariales,f__Lasiosphaeriaceae,g__Schizothecium,s__carpinicola
ASV_328,k__Fungi,p__Basidiomycota,c__Tremellomycetes,o__Cystofilobasidiales,f__Mrakiaceae,g__Mrakia,s__frigida
ASV_330,k__Fungi,p__Ascomycota,c__Sordariomycetes,o__Sordariales,f__Lasiosphaeriaceae,g__Schizothecium,s__carpinicola
ASV_336,k__Fungi,p__Basidiomycota,c__Tremellomycetes,o__Cystofilobasidiales,f__Mrakiaceae,g__Mrakia,s__frigida
ASV_337,k__Fungi,p__Ascomycota,c__Sordariomycetes,o__Sordariales,f__Chaetomiaceae,g__Chaetomium,unclassified_g__Chaetomium
ASV_338,k__Fungi,p__Ascomycota,c__Dothideomycetes,o__Pleosporales,f__Leptosphaeriaceae,g__Leptosphaeria,s__sclerotioides
ASV_339,k__Fungi,p__Ascomycota,c__Leotiomycetes,o__Helotiales,f__Helotiaceae,g__Glarea,s__lozoyensis
ASV_340,k__Fungi,p__Basidiomycota,c__Agaricomycetes,o__Auriculariales,f__Auriculariales_fam_Incertae_sedis,g__Oliveonia,unclassified_g__Oliveonia
ASV_341,k__Fungi,p__Ascomycota,c__Leotiomycetes,o__Helotiales,f__Hyaloscyphaceae,unclassified_f__Hyaloscyphaceae,unclassified_f__Hyaloscyphaceae
ASV_342,k__Fungi,p__Mortierellomycota,c__Mortierellomycetes,o__Mortierellales,f__Mortierellaceae,g__Mortierella,s__globalpina
ASV_343,k__Fungi,p__Mortierellomycota,c__Mortierellomycetes,o__Mortierellales,f__Mortierellaceae,g__Mortierella,s__alpina
ASV_345,k__Fungi,p__Ascomycota,c__Dothideomycetes,o__Pleosporales,f__Melanommataceae,unclassified_f__Melanommataceae,unclassified_f__Melanommataceae
ASV_346,k__Fungi,p__Mortierellomycota,c__Mortierellomycetes,o__Mortierellales,f__Mortierellaceae,g__Mortierella,s__globalpina
ASV_347,k__Fungi,p__Ascomycota,c__Sordariomycetes,o__Sordariales,f__Lasiosphaeriaceae,g__Schizothecium,s__carpinicola
ASV_348,k__Fungi,p__Ascomycota,c__Eurotiomycetes,o__Chaetothyriales,f__Herpotrichiellaceae,g__Exophiala,unclassified_g__Exophiala
ASV_349,k__Fungi,p__Ascomycota,c__Eurotiomycetes,o__Chaetothyriales,f__Cyphellophoraceae,g__Cyphellophora,unclassified_g__Cyphellophora
ASV_350,k__Fungi,p__Ascomycota,c__Leotiomycetes,o__Helotiales,unclassified_o__Helotiales,unclassified_o__Helotiales,unclassified_o__Helotiales
ASV_351,k__Fungi,p__Ascomycota,c__Dothideomycetes,o__Pleosporales,f__Leptosphaeriaceae,g__Plenodomus,s__biglobosus
ASV_353,k__Fungi,p__Ascomycota,c__Sordariomycetes,o__Sordariales,unclassified_o__Sordariales,unclassified_o__Sordariales,unclassified_o__Sordariales
ASV_357,k__Fungi,p__Ascomycota,c__Dothideomycetes,o__Pleosporales,f__Amniculicolaceae,g__Murispora,s__galii
ASV_358,k__Fungi,p__Ascomycota,c__Leotiomycetes,o__Helotiales,f__Helotiaceae,g__Tetracladium,unclassified_g__Tetracladium
ASV_360,k__Fungi,p__Ascomycota,c__Dothideomycetes,o__Pleosporales,f__Torulaceae,g__Dendryphion,s__europaeum
ASV_361,k__Fungi,p__Olpidiomycota,c__Olpidiomycetes,o__Olpidiales,f__Olpidiaceae,g__Olpidium,s__brassicae
ASV_363,k__Fungi,p__Ascomycota,c__Sordariomycetes,o__Hypocreales,f__Hypocreaceae,g__Trichoderma,s__piluliferum
ASV_364,k__Fungi,p__Ascomycota,c__Sordariomycetes,o__Sordariales,f__Lasiosphaeriaceae,g__Schizothecium,s__curvisporum
ASV_365,k__Fungi,p__Ascomycota,c__Leotiomycetes,o__Helotiales,f__Helotiaceae,unclassified_f__Helotiaceae,unclassified_f__Helotiaceae
ASV_369,k__Fungi,p__Ascomycota,c__Sordariomycetes,o__Sordariales,f__Lasiosphaeriaceae,g__Schizothecium,s__carpinicola
ASV_370,k__Fungi,p__Ascomycota,c__Sordariomycetes,o__Hypocreales,f__Nectriaceae,g__Fusarium,s__algeriense
ASV_371,k__Fungi,p__Ascomycota,c__Dothideomycetes,o__Pleosporales,unclassified_o__Pleosporales,unclassified_o__Pleosporales,unclassified_o__Pleosporales
ASV_373,k__Fungi,p__Ascomycota,c__Leotiomycetes,o__Helotiales,f__Helotiaceae,g__Tetracladium,unclassified_g__Tetracladium
ASV_375,k__Fungi,p__Ascomycota,c__Dothideomycetes,o__Pleosporales,unclassified_o__Pleosporales,unclassified_o__Pleosporales,unclassified_o__Pleosporales
ASV_376,k__Fungi,p__Ascomycota,c__Leotiomycetes,o__Helotiales,f__Dermateaceae,g__Pyrenopeziza,unclassified_g__Pyrenopeziza
ASV_379,k__Fungi,p__Ascomycota,c__Dothideomycetes,o__Pleosporales,f__Phaeosphaeriaceae,g__Loratospora,s__luzulae
ASV_380,k__Fungi,p__Ascomycota,c__Dothideomycetes,o__Pleosporales,f__Phaeosphaeriaceae,g__Ophiosphaerella,unclassified_g__Ophiosphaerella
ASV_381,k__Fungi,p__Mortierellomycota,c__Mortierellomycetes,o__Mortierellales,f__Mortierellaceae,g__Mortierella,s__fluviae
ASV_382,k__Fungi,p__Ascomycota,c__Dothideomycetes,o__Venturiales,f__Sympoventuriaceae,g__Ochroconis,unclassified_g__Ochroconis
ASV_383,k__Fungi,p__Ascomycota,c__Dothideomycetes,o__Venturiales,f__Sympoventuriaceae,g__Ochroconis,unclassified_g__Ochroconis
ASV_384,k__Fungi,p__Ascomycota,c__Dothideomycetes,o__Pleosporales,f__Phaeosphaeriaceae,g__Phaeosphaeria,s__tofieldiae
ASV_385,k__Fungi,p__Ascomycota,c__Sordariomycetes,o__Xylariales,f__Xylariaceae,unclassified_f__Xylariaceae,unclassified_f__Xylariaceae
ASV_387,k__Fungi,p__Ascomycota,c__Sordariomycetes,o__Sordariales,f__Lasiosphaeriaceae,g__Apodus,s__deciduus
ASV_388,k__Fungi,p__Basidiomycota,c__Exobasidiomycetes,o__Entylomatales,f__Entylomataceae,g__Entyloma,unclassified_g__Entyloma
ASV_389,k__Fungi,p__Mucoromycota,c__Mucoromycetes,o__Mucorales,f__Mucoraceae,g__Mucor,s__hiemalis
ASV_390,k__Fungi,p__Ascomycota,c__Sordariomycetes,o__Microascales,f__Microascales_fam_Incertae_sedis,g__Sphaeronaemella,s__fimicola
ASV_392,k__Fungi,p__Ascomycota,c__Dothideomycetes,o__Pleosporales,f__Phaeosphaeriaceae,g__Setophoma,s__terrestris
ASV_393,k__Fungi,p__Ascomycota,c__Sordariomycetes,o__Hypocreales,f__Cordycipitaceae,g__Lecanicillium,s__primulinum
ASV_395,k__Fungi,p__Ascomycota,c__Dothideomycetes,o__Pleosporales,f__Pleosporaceae,g__Alternaria,s__oregonensis
ASV_396,k__Fungi,p__Ascomycota,c__Sordariomycetes,o__Hypocreales,f__Nectriaceae,unclassified_f__Nectriaceae,unclassified_f__Nectriaceae
ASV_399,k__Fungi,p__Basidiomycota,c__Agaricomycetes,o__Agaricales,f__Tricholomataceae,g__Calyptella,s__capula
ASV_403,k__Fungi,p__Ascomycota,unclassified_p__Ascomycota,unclassified_p__Ascomycota,unclassified_p__Ascomycota,unclassified_p__Ascomycota,unclassified_p__Ascomycota
ASV_404,k__Fungi,p__Ascomycota,c__Dothideomycetes,o__Pleosporales,f__Lentitheciaceae,g__Keissleriella,s__yonaguniensis
ASV_410,k__Fungi,p__Ascomycota,c__Sordariomycetes,o__Phomatosporales,f__Phomatosporaceae,g__Phomatospora,s__striatigera
ASV_411,k__Fungi,p__Ascomycota,c__Dothideomycetes,o__Pleosporales,f__Sporormiaceae,unclassified_f__Sporormiaceae,unclassified_f__Sporormiaceae
ASV_412,k__Fungi,p__Ascomycota,c__Sordariomycetes,o__Sordariales,f__Lasiosphaeriaceae,g__Podospora,s__decidua
ASV_414,k__Fungi,p__Ascomycota,c__Eurotiomycetes,o__Chaetothyriales,f__Herpotrichiellaceae,g__Exophiala,s__opportunistica
ASV_415,k__Fungi,p__Ascomycota,c__Sordariomycetes,o__Sordariales,f__Lasiosphaeriaceae,g__Podospora,s__multipilosa
ASV_416,k__Fungi,p__Ascomycota,c__Dothideomycetes,o__Pleosporales,f__Pleomassariaceae,g__Prosthemium,s__stellare
ASV_417,k__Fungi,p__Ascomycota,c__Dothideomycetes,o__Pleosporales,f__Didymellaceae,g__Didymella,unclassified_g__Didymella
ASV_420,k__Fungi,p__Basidiomycota,c__Agaricomycetes,o__Atheliales,f__Atheliaceae,g__Athelia,s__decipiens
ASV_421,k__Fungi,p__Ascomycota,c__Dothideomycetes,o__Pleosporales,f__Phaeosphaeriaceae,g__Setophoma,s__terrestris
ASV_422,k__Fungi,p__Ascomycota,c__Leotiomycetes,o__Helotiales,f__Hyaloscyphaceae,g__Lachnum,unclassified_g__Lachnum
ASV_423,k__Fungi,p__Ascomycota,c__Sordariomycetes,o__Hypocreales,f__Hypocreales_fam_Incertae_sedis,g__Acremonium,unclassified_g__Acremonium
ASV_425,k__Fungi,p__Ascomycota,c__Leotiomycetes,o__Helotiales,f__Hyaloscyphaceae,g__Microscypha,unclassified_g__Microscypha
ASV_426,k__Fungi,p__Basidiomycota,c__Agaricomycetes,o__Agaricomycetes_ord_Incertae_sedis,f__Agaricomycetes_fam_Incertae_sedis,g__Akenomyces,s__costatus
ASV_427,k__Fungi,p__Ascomycota,c__Sordariomycetes,o__Hypocreales,f__Stachybotryaceae,g__Myrothecium,unclassified_g__Myrothecium
ASV_428,k__Fungi,p__Ascomycota,c__Leotiomycetes,o__Helotiales,f__Helotiaceae,g__Tetracladium,unclassified_g__Tetracladium
ASV_429,k__Fungi,p__Ascomycota,c__Dothideomycetes,o__Pleosporales,unclassified_o__Pleosporales,unclassified_o__Pleosporales,unclassified_o__Pleosporales
ASV_435,k__Fungi,p__Basidiomycota,c__Agaricomycetes,o__Auriculariales,f__Auriculariales_fam_Incertae_sedis,g__Oliveonia,unclassified_g__Oliveonia
ASV_439,k__Fungi,p__Basidiomycota,c__Tremellomycetes,o__Filobasidiales,f__Filobasidiaceae,g__Filobasidium,unclassified_g__Filobasidium
ASV_441,k__Fungi,p__Ascomycota,c__Sordariomycetes,o__Sordariales,f__Lasiosphaeriaceae,g__Schizothecium,s__fimbriatum
ASV_442,k__Fungi,p__Monoblepharomycota,c__Sanchytriomycetes,o__Sanchytriales,f__Sanchytriaceae,g__Sanchytrium,unclassified_g__Sanchytrium
ASV_443,k__Fungi,p__Basidiomycota,c__Agaricomycetes,o__Agaricales,f__Typhulaceae,g__Typhula,s__incarnata
ASV_446,k__Fungi,p__Ascomycota,c__Dothideomycetes,o__Pleosporales,f__Pleosporaceae,g__Bipolaris,unclassified_g__Bipolaris
ASV_447,k__Fungi,p__Olpidiomycota,c__Olpidiomycetes,o__Olpidiales,f__Olpidiaceae,g__Olpidium,s__brassicae
ASV_448,k__Fungi,p__Basidiomycota,c__Agaricomycetes,o__Auriculariales,f__Auriculariales_fam_Incertae_sedis,g__Oliveonia,unclassified_g__Oliveonia
ASV_449,k__Fungi,p__Basidiomycota,c__Tremellomycetes,o__Tremellales,f__Rhynchogastremataceae,g__Rhynchogastrema,s__coronatum
ASV_450,k__Fungi,p__Ascomycota,c__Leotiomycetes,o__Helotiales,f__Hyaloscyphaceae,g__Microscypha,unclassified_g__Microscypha
ASV_453,k__Fungi,p__Ascomycota,c__Dothideomycetes,o__Venturiales,f__Sympoventuriaceae,g__Ochroconis,unclassified_g__Ochroconis
ASV_455,k__Fungi,p__Ascomycota,c__Dothideomycetes,o__Pleosporales,f__Cucurbitariaceae,g__Pyrenochaetopsis,s__leptospora
ASV_456,k__Fungi,p__Ascomycota,c__Leotiomycetes,o__Helotiales,f__Helotiaceae,g__Tetracladium,unclassified_g__Tetracladium
ASV_457,k__Fungi,p__Ascomycota,c__Dothideomycetes,o__Pleosporales,f__Phaeosphaeriaceae,g__Setophoma,s__terrestris
ASV_458,k__Fungi,p__Ascomycota,c__Dothideomycetes,o__Pleosporales,f__Leptosphaeriaceae,g__Acicuseptoria,s__rumicis
ASV_459,k__Fungi,p__Ascomycota,c__Eurotiomycetes,o__Chaetothyriales,f__Herpotrichiellaceae,g__Exophiala,s__bonariae
ASV_460,k__Fungi,p__Ascomycota,c__Leotiomycetes,o__Helotiales,f__Helotiaceae,g__Bisporella,s__shangrilana
ASV_461,k__Fungi,p__Ascomycota,c__Sordariomycetes,o__Sordariales,f__Lasiosphaeriaceae,g__Schizothecium,unclassified_g__Schizothecium
ASV_465,k__Fungi,p__Ascomycota,c__Sordariomycetes,o__Coniochaetales,f__Coniochaetaceae,g__Coniochaeta,unclassified_g__Coniochaeta
ASV_469,k__Fungi,p__Basidiomycota,c__Agaricomycetes,o__Agaricales,f__Marasmiaceae,g__Crinipellis,s__scabella
ASV_472,k__Fungi,p__Ascomycota,c__Dothideomycetes,o__Pleosporales,f__Periconiaceae,g__Periconia,unclassified_g__Periconia
ASV_473,k__Fungi,p__Basidiomycota,c__Tremellomycetes,o__Tremellales,f__Rhynchogastremataceae,g__Papiliotrema,s__rajasthanensis
ASV_476,k__Fungi,p__Ascomycota,c__Sordariomycetes,o__Boliniales,f__Boliniales_fam_Incertae_sedis,unclassified_f__Boliniales_fam_Incertae_sedis,unclassified_f__Boliniales_fam_Incertae_sedis
ASV_477,k__Fungi,p__Ascomycota,c__Leotiomycetes,o__Helotiales,f__Hyaloscyphaceae,g__Microscypha,unclassified_g__Microscypha
ASV_478,k__Fungi,p__Ascomycota,c__Leotiomycetes,o__Helotiales,f__Helotiaceae,g__Glarea,unclassified_g__Glarea
ASV_479,k__Fungi,p__Ascomycota,c__Sordariomycetes,o__Sordariales,f__Lasiosphaeriaceae,g__Schizothecium,s__fimbriatum
ASV_480,k__Fungi,p__Ascomycota,c__Leotiomycetes,o__Helotiales,f__Helotiaceae,g__Glarea,unclassified_g__Glarea
ASV_481,k__Fungi,p__Ascomycota,c__Dothideomycetes,o__Pleosporales,f__Lentitheciaceae,g__Darksidea,s__delta
ASV_482,k__Fungi,p__Chytridiomycota,unclassified_p__Chytridiomycota,unclassified_p__Chytridiomycota,unclassified_p__Chytridiomycota,unclassified_p__Chytridiomycota,unclassified_p__Chytridiomycota
ASV_483,k__Fungi,p__Ascomycota,c__Leotiomycetes,o__Helotiales,f__Helotiaceae,unclassified_f__Helotiaceae,unclassified_f__Helotiaceae
ASV_484,k__Fungi,p__Ascomycota,c__Dothideomycetes,o__Pleosporales,f__Phaeosphaeriaceae,g__Phaeosphaeria,unclassified_g__Phaeosphaeria
ASV_485,k__Fungi,p__Ascomycota,c__Dothideomycetes,o__Pleosporales,f__Periconiaceae,g__Periconia,unclassified_g__Periconia
ASV_486,k__Fungi,p__Ascomycota,c__Sordariomycetes,o__Sordariales,f__Lasiosphaeriaceae,g__Schizothecium,s__carpinicola
ASV_487,k__Fungi,p__Basidiomycota,c__Agaricomycetes,unclassified_c__Agaricomycetes,unclassified_c__Agaricomycetes,unclassified_c__Agaricomycetes,unclassified_c__Agaricomycetes
ASV_489,k__Fungi,p__Basidiomycota,c__Atractiellomycetes,o__Atractiellales,f__Hoehnelomycetaceae,unclassified_f__Hoehnelomycetaceae,unclassified_f__Hoehnelomycetaceae
ASV_490,k__Fungi,p__Ascomycota,c__Dothideomycetes,o__Pleosporales,f__Lentitheciaceae,g__Darksidea,s__delta
ASV_494,k__Fungi,p__Ascomycota,c__Sordariomycetes,o__Sordariales,f__Lasiosphaeriaceae,g__Schizothecium,s__carpinicola
ASV_495,k__Fungi,p__Ascomycota,c__Sordariomycetes,o__Glomerellales,f__Plectosphaerellaceae,g__Plectosphaerella,s__niemeijerarum
ASV_496,k__Fungi,p__Mortierellomycota,c__Mortierellomycetes,o__Mortierellales,f__Mortierellaceae,g__Mortierella,s__elongata
ASV_497,k__Fungi,p__Ascomycota,c__Sordariomycetes,o__Sordariales,f__Lasiosphaeriaceae,g__Schizothecium,s__fimbriatum
ASV_498,k__Fungi,p__Ascomycota,c__Leotiomycetes,o__Helotiales,f__Helotiales_fam_Incertae_sedis,unclassified_f__Helotiales_fam_Incertae_sedis,unclassified_f__Helotiales_fam_Incertae_sedis
ASV_500,k__Fungi,p__Chytridiomycota,unclassified_p__Chytridiomycota,unclassified_p__Chytridiomycota,unclassified_p__Chytridiomycota,unclassified_p__Chytridiomycota,unclassified_p__Chytridiomycota
ASV_501,k__Fungi,p__Basidiomycota,c__Exobasidiomycetes,o__Entylomatales,f__Entylomataceae,g__Entyloma,s__calendulae
ASV_503,k__Fungi,p__Ascomycota,c__Sordariomycetes,o__Sordariales,f__Lasiosphaeriaceae,g__Schizothecium,s__fimbriatum
ASV_505,k__Fungi,p__Ascomycota,c__Leotiomycetes,o__Thelebolales,f__Pseudeurotiaceae,g__Pseudogymnoascus,s__appendiculatus
ASV_506,k__Fungi,p__Chytridiomycota,c__Spizellomycetes,o__Spizellomycetales,f__Powellomycetaceae,g__Geranomyces,unclassified_g__Geranomyces
ASV_508,k__Fungi,p__Ascomycota,c__Dothideomycetes,o__Venturiales,f__Sympoventuriaceae,g__Ochroconis,unclassified_g__Ochroconis
ASV_509,k__Fungi,p__Ascomycota,c__Dothideomycetes,o__Pleosporales,f__Leptosphaeriaceae,g__Plenodomus,s__biglobosus
ASV_511,k__Fungi,p__Ascomycota,c__Leotiomycetes,o__Helotiales,f__Hyaloscyphaceae,unclassified_f__Hyaloscyphaceae,unclassified_f__Hyaloscyphaceae
ASV_512,k__Fungi,p__Ascomycota,c__Sordariomycetes,o__Microascales,f__Microascaceae,g__Cephalotrichum,s__castaneum
ASV_513,k__Fungi,p__Basidiomycota,c__Agaricomycetes,o__Agaricales,f__Stephanosporaceae,g__Cristinia,s__helvetica
ASV_520,k__Fungi,p__Ascomycota,c__Leotiomycetes,o__Helotiales,f__Helotiaceae,g__Hymenoscyphus,s__aurantiacus
ASV_522,k__Fungi,p__Ascomycota,c__Leotiomycetes,o__Helotiales,f__Helotiaceae,g__Glarea,unclassified_g__Glarea
ASV_523,k__Fungi,p__Ascomycota,c__Dothideomycetes,o__Venturiales,f__Sympoventuriaceae,g__Scolecobasidium,s__excentricum
ASV_524,k__Fungi,p__Ascomycota,c__Dothideomycetes,o__Pleosporales,f__Pleosporaceae,g__Alternaria,unclassified_g__Alternaria
ASV_525,k__Fungi,p__Ascomycota,c__Leotiomycetes,o__Helotiales,f__Helotiales_fam_Incertae_sedis,g__Cadophora,unclassified_g__Cadophora
ASV_526,k__Fungi,p__Ascomycota,c__Sordariomycetes,o__Hypocreales,f__Nectriaceae,g__Ilyonectria,s__mors-panacis
ASV_527,k__Fungi,p__Basidiomycota,c__Agaricomycetes,o__Thelephorales,unclassified_o__Thelephorales,unclassified_o__Thelephorales,unclassified_o__Thelephorales
ASV_528,k__Fungi,p__Basidiomycota,c__Tremellomycetes,o__Cystofilobasidiales,f__Mrakiaceae,g__Mrakia,s__frigida
ASV_530,k__Fungi,p__Ascomycota,c__Leotiomycetes,o__Helotiales,f__Hyaloscyphaceae,g__Cistella,unclassified_g__Cistella
ASV_533,k__Fungi,p__Ascomycota,c__Leotiomycetes,o__Helotiales,f__Hyaloscyphaceae,g__Cistella,unclassified_g__Cistella
ASV_535,k__Fungi,p__Basidiomycota,c__Agaricomycetes,o__Trechisporales,f__Hydnodontaceae,g__Trechispora,s__microspora
ASV_540,k__Fungi,p__Ascomycota,c__Sordariomycetes,o__Myrmecridiales,f__Myrmecridiaceae,g__Myrmecridium,s__phragmitis
ASV_541,k__Fungi,p__Mucoromycota,c__Mucoromycetes,o__Mucorales,f__Mucoraceae,g__Mucor,s__hiemalis
ASV_545,k__Fungi,p__Ascomycota,c__Leotiomycetes,o__Helotiales,f__Hyaloscyphaceae,g__Lachnum,unclassified_g__Lachnum
ASV_546,k__Fungi,p__Ascomycota,c__Eurotiomycetes,o__Chaetothyriales,f__Herpotrichiellaceae,g__Exophiala,s__bonariae
ASV_547,k__Fungi,p__Mucoromycota,c__Mucoromycetes,o__Mucorales,f__Mucoraceae,g__Mucor,s__circinelloides
ASV_548,k__Fungi,p__Ascomycota,c__Leotiomycetes,o__Helotiales,f__Helotiales_fam_Incertae_sedis,unclassified_f__Helotiales_fam_Incertae_sedis,unclassified_f__Helotiales_fam_Incertae_sedis
ASV_549,k__Fungi,p__Ascomycota,c__Eurotiomycetes,o__Chaetothyriales,f__Herpotrichiellaceae,g__Exophiala,s__bonariae
ASV_550,k__Fungi,p__Ascomycota,c__Pezizomycetes,o__Pezizales,f__Ascobolaceae,g__Ascobolus,unclassified_g__Ascobolus
ASV_553,k__Fungi,p__Ascomycota,c__Dothideomycetes,o__Pleosporales,f__Cucurbitariaceae,g__Pyrenochaeta,unclassified_g__Pyrenochaeta
ASV_557,k__Fungi,p__Ascomycota,c__Sordariomycetes,o__Sordariales,f__Lasiosphaeriaceae,g__Schizothecium,unclassified_g__Schizothecium
ASV_559,k__Fungi,p__Ascomycota,c__Sordariomycetes,o__Hypocreales,unclassified_o__Hypocreales,unclassified_o__Hypocreales,unclassified_o__Hypocreales
ASV_560,k__Fungi,p__Ascomycota,c__Leotiomycetes,o__Helotiales,f__Hyaloscyphaceae,g__Remleria,s__tetraspora
ASV_565,k__Fungi,p__Ascomycota,c__Dothideomycetes,o__Pleosporales,unclassified_o__Pleosporales,unclassified_o__Pleosporales,unclassified_o__Pleosporales
ASV_567,k__Fungi,p__Ascomycota,c__Sordariomycetes,o__Sordariales,f__Lasiosphaeriaceae,g__Schizothecium,s__carpinicola
ASV_568,k__Fungi,p__Ascomycota,c__Eurotiomycetes,o__Eurotiales,f__Aspergillaceae,g__Penicillium,s__aurantiogriseum
ASV_573,k__Fungi,p__Ascomycota,c__Sordariomycetes,o__Hypocreales,f__Hypocreaceae,g__Trichoderma,s__viride
ASV_574,k__Fungi,p__Ascomycota,c__Dothideomycetes,o__Pleosporales,f__Pleosporaceae,unclassified_f__Pleosporaceae,unclassified_f__Pleosporaceae
ASV_575,k__Fungi,p__Ascomycota,c__Sordariomycetes,o__Sordariales,f__Lasiosphaeriaceae,g__Schizothecium,unclassified_g__Schizothecium
ASV_576,k__Fungi,p__Basidiomycota,c__Agaricomycetes,o__Atheliales,f__Atheliaceae,g__Taeniospora,unclassified_g__Taeniospora
ASV_577,k__Fungi,p__Ascomycota,c__Dothideomycetes,o__Pleosporales,f__Amniculicolaceae,g__Murispora,s__galii
ASV_578,k__Fungi,p__Ascomycota,c__Sordariomycetes,o__Sordariales,f__Lasiosphaeriaceae,g__Apodus,s__deciduus
ASV_582,k__Fungi,p__Ascomycota,c__Eurotiomycetes,o__Chaetothyriales,f__Herpotrichiellaceae,g__Exophiala,s__bonariae
ASV_583,k__Fungi,p__Basidiomycota,c__Agaricomycetes,o__Agaricales,unclassified_o__Agaricales,unclassified_o__Agaricales,unclassified_o__Agaricales
ASV_586,k__Fungi,p__Ascomycota,c__Sordariomycetes,o__Xylariales,f__Xylariaceae,g__Rosellinia,unclassified_g__Rosellinia
ASV_587,k__Fungi,p__Ascomycota,c__Leotiomycetes,o__Helotiales,unclassified_o__Helotiales,unclassified_o__Helotiales,unclassified_o__Helotiales
ASV_589,k__Fungi,p__Ascomycota,c__Sordariomycetes,o__Hypocreales,f__Nectriaceae,g__Ilyonectria,s__mors-panacis
ASV_590,k__Fungi,p__Ascomycota,c__Sordariomycetes,o__Myrmecridiales,f__Myrmecridiaceae,g__Myrmecridium,s__spartii
ASV_593,k__Fungi,p__Ascomycota,c__Eurotiomycetes,o__Onygenales,unclassified_o__Onygenales,unclassified_o__Onygenales,unclassified_o__Onygenales
ASV_597,k__Fungi,p__Ascomycota,c__Sordariomycetes,o__Hypocreales,unclassified_o__Hypocreales,unclassified_o__Hypocreales,unclassified_o__Hypocreales
ASV_600,k__Fungi,p__Ascomycota,c__Eurotiomycetes,o__Chaetothyriales,f__Cyphellophoraceae,g__Cyphellophora,s__vermispora
ASV_601,k__Fungi,p__Ascomycota,c__Leotiomycetes,o__Helotiales,f__Myxotrichaceae,g__Oidiodendron,unclassified_g__Oidiodendron
ASV_607,k__Fungi,p__Ascomycota,c__Dothideomycetes,o__Pleosporales,f__Melanommataceae,unclassified_f__Melanommataceae,unclassified_f__Melanommataceae
ASV_608,k__Fungi,unclassified_k__Fungi,unclassified_k__Fungi,unclassified_k__Fungi,unclassified_k__Fungi,unclassified_k__Fungi,unclassified_k__Fungi
ASV_609,k__Fungi,p__Ascomycota,c__Dothideomycetes,o__Pleosporales,f__Melanommataceae,g__Alpinaria,unclassified_g__Alpinaria
ASV_610,k__Fungi,p__Ascomycota,c__Leotiomycetes,o__Helotiales,f__Hyaloscyphaceae,g__Cistella,unclassified_g__Cistella
ASV_611,k__Fungi,p__Ascomycota,c__Sordariomycetes,o__Phomatosporales,f__Phomatosporaceae,g__Phomatospora,s__striatigera
ASV_612,k__Fungi,p__Ascomycota,c__Dothideomycetes,o__Pleosporales,f__Lentitheciaceae,g__Keissleriella,s__yonaguniensis
ASV_613,k__Fungi,p__Basidiomycota,c__Agaricomycetes,o__Agaricales,f__Psathyrellaceae,g__Coprinopsis,s__villosa
ASV_616,k__Fungi,p__Basidiomycota,c__Agaricomycetes,o__Agaricales,f__Psathyrellaceae,g__Coprinopsis,s__villosa
ASV_620,k__Fungi,p__Basidiomycota,c__Agaricomycetes,o__Trechisporales,f__Hydnodontaceae,g__Trechispora,s__microspora
ASV_621,k__Fungi,p__Ascomycota,c__Dothideomycetes,o__Pleosporales,f__Pleosporaceae,g__Alternaria,unclassified_g__Alternaria
ASV_622,k__Fungi,p__Ascomycota,c__Dothideomycetes,o__Pleosporales,f__Phaeosphaeriaceae,unclassified_f__Phaeosphaeriaceae,unclassified_f__Phaeosphaeriaceae
ASV_623,k__Fungi,p__Chytridiomycota,c__Spizellomycetes,o__Spizellomycetales,f__Powellomycetaceae,g__Geranomyces,s__tanneri
ASV_629,k__Fungi,p__Ascomycota,c__Sordariomycetes,o__Sordariales,f__Lasiosphaeriaceae,g__Schizothecium,unclassified_g__Schizothecium
ASV_630,k__Fungi,p__Ascomycota,c__Dothideomycetes,o__Pleosporales,f__Phaeosphaeriaceae,unclassified_f__Phaeosphaeriaceae,unclassified_f__Phaeosphaeriaceae
ASV_632,k__Fungi,p__Basidiomycota,c__Tremellomycetes,o__Cystofilobasidiales,f__Mrakiaceae,g__Mrakia,s__frigida
ASV_633,k__Fungi,p__Mucoromycota,c__Mucoromycetes,o__Mucorales,f__Mucoraceae,g__Mucor,s__circinelloides
ASV_634,k__Fungi,p__Ascomycota,c__Sordariomycetes,o__Sordariales,f__Lasiosphaeriaceae,g__Podospora,s__intestinacea
ASV_639,k__Fungi,p__Chytridiomycota,c__Rhizophydiomycetes,o__Rhizophydiales,unclassified_o__Rhizophydiales,unclassified_o__Rhizophydiales,unclassified_o__Rhizophydiales
ASV_643,k__Fungi,p__Ascomycota,c__Dothideomycetes,o__Pleosporales,f__Melanommataceae,unclassified_f__Melanommataceae,unclassified_f__Melanommataceae
ASV_644,k__Fungi,p__Basidiomycota,c__Agaricomycetes,o__Auriculariales,f__Auriculariales_fam_Incertae_sedis,g__Oliveonia,unclassified_g__Oliveonia
ASV_649,k__Fungi,p__Ascomycota,c__Sordariomycetes,o__Boliniales,f__Boliniales_fam_Incertae_sedis,g__Junewangia,s__aquatica
ASV_650,k__Fungi,p__Ascomycota,c__Dothideomycetes,o__Pleosporales,f__Amniculicolaceae,g__Murispora,s__galii
ASV_651,k__Fungi,p__Ascomycota,c__Sordariomycetes,o__Sordariales,f__Lasiosphaeriaceae,g__Schizothecium,s__curvisporum
ASV_652,k__Fungi,p__Ascomycota,c__Leotiomycetes,o__Helotiales,f__Hyaloscyphaceae,g__Lachnum,unclassified_g__Lachnum
ASV_654,k__Fungi,p__Ascomycota,c__Dothideomycetes,o__Venturiales,f__Sympoventuriaceae,g__Ochroconis,unclassified_g__Ochroconis
ASV_655,k__Fungi,p__Ascomycota,c__Dothideomycetes,o__Capnodiales,f__Dissoconiaceae,g__Dissoconium,s__proteae
ASV_656,k__Fungi,p__Basidiomycota,c__Agaricomycetes,o__Agaricales,f__Typhulaceae,g__Typhula,unclassified_g__Typhula
ASV_662,k__Fungi,p__Ascomycota,c__Leotiomycetes,o__Helotiales,f__Hyaloscyphaceae,g__Microscypha,unclassified_g__Microscypha
ASV_665,k__Fungi,p__Ascomycota,c__Sordariomycetes,o__Xylariales,f__Microdochiaceae,g__Microdochium,s__seminicola
ASV_667,k__Fungi,p__Basidiomycota,c__Agaricomycetes,o__Agaricales,f__Bolbitiaceae,g__Conocybe,s__semiglobata
ASV_669,k__Fungi,p__Ascomycota,c__Leotiomycetes,o__Helotiales,f__Helotiaceae,g__Tetracladium,unclassified_g__Tetracladium
ASV_676,k__Fungi,p__Ascomycota,c__Leotiomycetes,o__Helotiales,f__Hyaloscyphaceae,g__Microscypha,unclassified_g__Microscypha
ASV_677,k__Fungi,p__Ascomycota,c__Sordariomycetes,o__Microascales,f__Microascaceae,g__Cephalotrichum,s__stemonitis
ASV_678,k__Fungi,p__Ascomycota,c__Sordariomycetes,o__Hypocreales,f__Nectriaceae,g__Cosmospora,s__lavitskiae
ASV_679,k__Fungi,p__Ascomycota,c__Dothideomycetes,o__Pleosporales,f__Phaeosphaeriaceae,unclassified_f__Phaeosphaeriaceae,unclassified_f__Phaeosphaeriaceae
ASV_680,k__Fungi,p__Ascomycota,c__Dothideomycetes,o__Pleosporales,f__Melanommataceae,unclassified_f__Melanommataceae,unclassified_f__Melanommataceae
ASV_684,k__Fungi,p__Ascomycota,c__Eurotiomycetes,o__Onygenales,f__Onygenales_fam_Incertae_sedis,g__Chrysosporium,s__pseudomerdarium
ASV_685,k__Fungi,p__Chytridiomycota,c__Lobulomycetes,o__Lobulomycetales,unclassified_o__Lobulomycetales,unclassified_o__Lobulomycetales,unclassified_o__Lobulomycetales
ASV_687,k__Fungi,p__Ascomycota,c__Sordariomycetes,o__Sordariales,f__Lasiosphaeriaceae,g__Schizothecium,s__carpinicola
ASV_695,k__Fungi,p__Basidiomycota,c__Agaricomycetes,o__Atheliales,f__Atheliaceae,g__Athelia,unclassified_g__Athelia
ASV_698,k__Fungi,p__Ascomycota,c__Leotiomycetes,o__Helotiales,f__Helotiaceae,unclassified_f__Helotiaceae,unclassified_f__Helotiaceae
ASV_699,k__Fungi,p__Ascomycota,c__Dothideomycetes,o__Pleosporales,f__Pleosporaceae,g__Alternaria,unclassified_g__Alternaria
ASV_700,k__Fungi,p__Ascomycota,c__Dothideomycetes,o__Pleosporales,f__Didymosphaeriaceae,g__Paraphaeosphaeria,unclassified_g__Paraphaeosphaeria
ASV_702,k__Fungi,p__Chytridiomycota,c__Lobulomycetes,o__Lobulomycetales,unclassified_o__Lobulomycetales,unclassified_o__Lobulomycetales,unclassified_o__Lobulomycetales
ASV_706,k__Fungi,p__Ascomycota,c__Sordariomycetes,o__Hypocreales,unclassified_o__Hypocreales,unclassified_o__Hypocreales,unclassified_o__Hypocreales
ASV_707,k__Fungi,p__Mortierellomycota,c__Mortierellomycetes,o__Mortierellales,f__Mortierellaceae,g__Mortierella,unclassified_g__Mortierella
ASV_708,k__Fungi,p__Chytridiomycota,c__Spizellomycetes,o__Spizellomycetales,f__Powellomycetaceae,g__Geranomyces,unclassified_g__Geranomyces
ASV_709,k__Fungi,p__Ascomycota,c__Dothideomycetes,o__Pleosporales,f__Phaeosphaeriaceae,g__Phaeosphaeria,unclassified_g__Phaeosphaeria
ASV_712,k__Fungi,p__Ascomycota,c__Sordariomycetes,o__Sordariales,f__Lasiosphaeriaceae,g__Schizothecium,s__carpinicola
ASV_713,k__Fungi,p__Ascomycota,c__Dothideomycetes,o__Pleosporales,f__Pleosporaceae,g__Alternaria,unclassified_g__Alternaria
ASV_719,k__Fungi,p__Ascomycota,c__Dothideomycetes,o__Pleosporales,f__Leptosphaeriaceae,g__Leptosphaeria,s__sclerotioides
ASV_720,k__Fungi,p__Ascomycota,c__Leotiomycetes,o__Helotiales,f__Hyaloscyphaceae,g__Microscypha,unclassified_g__Microscypha
ASV_721,k__Fungi,p__Ascomycota,c__Leotiomycetes,o__Helotiales,f__Hyaloscyphaceae,unclassified_f__Hyaloscyphaceae,unclassified_f__Hyaloscyphaceae
ASV_722,k__Fungi,p__Ascomycota,c__Dothideomycetes,o__Pleosporales,f__Pleosporaceae,g__Pyrenophora,s__tritici-repentis
ASV_723,k__Fungi,p__Ascomycota,c__Eurotiomycetes,o__Eurotiales,f__Aspergillaceae,g__Penicillium,s__subrubescens
ASV_725,k__Fungi,p__Ascomycota,c__Leotiomycetes,o__Helotiales,f__Helotiaceae,g__Cyathicula,unclassified_g__Cyathicula
ASV_726,k__Fungi,p__Basidiomycota,c__Agaricomycetes,o__Agaricales,f__Clavariaceae,unclassified_f__Clavariaceae,unclassified_f__Clavariaceae
ASV_727,k__Fungi,p__Ascomycota,c__Dothideomycetes,o__Pleosporales,f__Phaeosphaeriaceae,g__Phaeosphaeria,s__tofieldiae
ASV_728,k__Fungi,p__Ascomycota,c__Lecanoromycetes,o__Ostropales,f__Stictidaceae,g__Eriospora,unclassified_g__Eriospora
ASV_729,k__Fungi,p__Mortierellomycota,c__Mortierellomycetes,o__Mortierellales,f__Mortierellaceae,g__Mortierella,s__antarctica
ASV_730,k__Fungi,p__Ascomycota,c__Sordariomycetes,o__Hypocreales,f__Nectriaceae,g__Neonectria,s__major
ASV_733,k__Fungi,p__Ascomycota,c__Dothideomycetes,o__Pleosporales,f__Pleosporaceae,g__Alternaria,unclassified_g__Alternaria
ASV_734,k__Fungi,p__Ascomycota,c__Dothideomycetes,o__Pleosporales,f__Didymellaceae,g__Neoascochyta,s__exitialis
ASV_737,k__Fungi,p__Ascomycota,c__Sordariomycetes,o__Sordariales,f__Lasiosphaeriaceae,g__Podospora,unclassified_g__Podospora
ASV_741,k__Fungi,p__Chytridiomycota,unclassified_p__Chytridiomycota,unclassified_p__Chytridiomycota,unclassified_p__Chytridiomycota,unclassified_p__Chytridiomycota,unclassified_p__Chytridiomycota
ASV_742,k__Fungi,p__Ascomycota,c__Sordariomycetes,o__Hypocreales,unclassified_o__Hypocreales,unclassified_o__Hypocreales,unclassified_o__Hypocreales
ASV_744,k__Fungi,p__Ascomycota,c__Sordariomycetes,o__Hypocreales,f__Nectriaceae,g__Fusarium,unclassified_g__Fusarium
ASV_748,k__Fungi,p__Ascomycota,c__Sordariomycetes,o__Hypocreales,f__Nectriaceae,g__Fusarium,s__lunatum
ASV_752,k__Fungi,p__Ascomycota,c__Sordariomycetes,o__Microascales,f__Halosphaeriaceae,g__Cirrenalia,unclassified_g__Cirrenalia
ASV_753,k__Fungi,p__Ascomycota,c__Leotiomycetes,o__Helotiales,f__Helotiaceae,g__Hymenoscyphus,s__aurantiacus
ASV_755,k__Fungi,p__Basidiomycota,c__Agaricomycetes,o__Agaricales,f__Psathyrellaceae,g__Parasola,s__leiocephala
ASV_758,k__Fungi,p__Ascomycota,c__Dothideomycetes,o__Pleosporales,f__Pleosporaceae,g__Alternaria,unclassified_g__Alternaria
ASV_759,k__Fungi,p__Ascomycota,c__Eurotiomycetes,o__Chaetothyriales,f__Herpotrichiellaceae,g__Phialophora,s__foetens
ASV_760,k__Fungi,p__Ascomycota,c__Sordariomycetes,o__Sordariales,f__Lasiosphaeriaceae,g__Schizothecium,unclassified_g__Schizothecium
ASV_761,k__Fungi,p__Ascomycota,c__Orbiliomycetes,o__Orbiliales,f__Orbiliaceae,g__Arthrobotrys,s__xiangyunensis
ASV_762,k__Fungi,p__Ascomycota,c__Dothideomycetes,o__Pleosporales,f__Didymosphaeriaceae,g__Paraphaeosphaeria,unclassified_g__Paraphaeosphaeria
ASV_764,k__Fungi,p__Ascomycota,c__Leotiomycetes,o__Helotiales,f__Helotiaceae,g__Hymenoscyphus,s__aurantiacus
ASV_768,k__Fungi,p__Ascomycota,c__Sordariomycetes,o__Sordariales,f__Lasiosphaeriaceae,g__Cercophora,s__coronata
ASV_770,k__Fungi,p__Olpidiomycota,c__Olpidiomycetes,o__Olpidiales,f__Olpidiaceae,unclassified_f__Olpidiaceae,unclassified_f__Olpidiaceae
ASV_771,k__Fungi,p__Ascomycota,c__Sordariomycetes,o__Sordariales,f__Lasiosphaeriaceae,g__Cladorrhinum,s__bulbillosum
ASV_774,k__Fungi,p__Ascomycota,c__Sordariomycetes,o__Hypocreales,f__Nectriaceae,unclassified_f__Nectriaceae,unclassified_f__Nectriaceae
ASV_775,k__Fungi,p__Ascomycota,c__Leotiomycetes,o__Helotiales,f__Helotiaceae,g__Tetracladium,unclassified_g__Tetracladium
ASV_778,k__Fungi,p__Ascomycota,c__Sordariomycetes,o__Coniochaetales,f__Coniochaetaceae,g__Coniochaeta,s__canina
ASV_779,k__Fungi,p__Ascomycota,c__Sordariomycetes,o__Hypocreales,unclassified_o__Hypocreales,unclassified_o__Hypocreales,unclassified_o__Hypocreales
ASV_780,k__Fungi,p__Basidiomycota,c__Agaricomycetes,o__Agaricales,f__Psathyrellaceae,g__Parasola,s__lilatincta
ASV_781,k__Fungi,p__Ascomycota,c__Dothideomycetes,o__Pleosporales,f__Pleosporaceae,g__Stemphylium,unclassified_g__Stemphylium
ASV_782,k__Fungi,p__Ascomycota,c__Sordariomycetes,o__Phomatosporales,f__Phomatosporaceae,g__Phomatospora,unclassified_g__Phomatospora
ASV_783,k__Fungi,p__Ascomycota,c__Sordariomycetes,o__Hypocreales,f__Nectriaceae,g__Fusicolla,s__aquaeductuum
ASV_784,k__Fungi,p__Ascomycota,c__Sordariomycetes,o__Hypocreales,f__Nectriaceae,g__Fusarium,s__oxysporum
ASV_786,k__Fungi,p__Ascomycota,c__Sordariomycetes,o__Hypocreales,f__Nectriaceae,g__Thelonectria,unclassified_g__Thelonectria
ASV_788,k__Fungi,p__Ascomycota,c__Leotiomycetes,o__Helotiales,f__Hyaloscyphaceae,g__Pezizella,unclassified_g__Pezizella
ASV_790,k__Fungi,p__Basidiomycota,c__Microbotryomycetes,o__Microbotryomycetes_ord_Incertae_sedis,f__Chrysozymaceae,g__Udeniozyma,s__ferulica
ASV_792,k__Fungi,p__Ascomycota,c__Leotiomycetes,o__Helotiales,f__Helotiaceae,unclassified_f__Helotiaceae,unclassified_f__Helotiaceae
ASV_793,k__Fungi,p__Basidiomycota,c__Agaricomycetes,o__Agaricales,f__Bolbitiaceae,g__Conocybe,s__moseri
ASV_799,k__Fungi,p__Basidiomycota,c__Agaricomycetes,o__Agaricales,f__Tricholomataceae,g__Calyptella,s__capula
ASV_801,k__Fungi,p__Ascomycota,c__Leotiomycetes,o__Helotiales,f__Hyaloscyphaceae,g__Cistella,unclassified_g__Cistella
ASV_804,k__Fungi,p__Ascomycota,c__Sordariomycetes,o__Sordariales,f__Lasiosphaeriaceae,g__Podospora,s__dimorpha
ASV_807,k__Fungi,p__Ascomycota,c__Sordariomycetes,o__Hypocreales,f__Hypocreales_fam_Incertae_sedis,g__Emericellopsis,s__minima
ASV_819,k__Fungi,p__Basidiomycota,c__Agaricomycetes,o__Thelephorales,f__Thelephoraceae,g__Tomentellopsis,unclassified_g__Tomentellopsis
ASV_821,k__Fungi,p__Ascomycota,c__Sordariomycetes,unclassified_c__Sordariomycetes,unclassified_c__Sordariomycetes,unclassified_c__Sordariomycetes,unclassified_c__Sordariomycetes
ASV_823,k__Fungi,p__Ascomycota,c__Leotiomycetes,o__Helotiales,f__Sclerotiniaceae,g__Clarireedia,unclassified_g__Clarireedia
ASV_824,k__Fungi,p__Chytridiomycota,c__Spizellomycetes,o__Spizellomycetales,f__Powellomycetaceae,g__Powellomyces,unclassified_g__Powellomyces
ASV_825,k__Fungi,p__Basidiomycota,c__Tremellomycetes,o__Tremellales,f__Bulleribasidiaceae,g__Dioszegia,s__rishiriensis
ASV_828,k__Fungi,p__Ascomycota,c__Dothideomycetes,o__Pleosporales,f__Phaeosphaeriaceae,g__Ophiosphaerella,unclassified_g__Ophiosphaerella
ASV_831,k__Fungi,p__Basidiomycota,c__Tremellomycetes,o__Tremellales,f__Bulleribasidiaceae,g__Vishniacozyma,s__globispora
ASV_832,k__Fungi,p__Ascomycota,c__Leotiomycetes,o__Helotiales,f__Hyaloscyphaceae,g__Cistella,unclassified_g__Cistella
ASV_833,k__Fungi,p__Ascomycota,c__Leotiomycetes,o__Helotiales,f__Hyaloscyphaceae,g__Cistella,unclassified_g__Cistella
ASV_834,k__Fungi,p__Ascomycota,c__Dothideomycetes,o__Capnodiales,f__Teratosphaeriaceae,g__Apenidiella,s__strumelloidea
ASV_838,k__Fungi,p__Ascomycota,c__Dothideomycetes,o__Pleosporales,f__Didymellaceae,g__Didymella,unclassified_g__Didymella
ASV_841,k__Fungi,p__Ascomycota,c__Dothideomycetes,o__Pleosporales,unclassified_o__Pleosporales,unclassified_o__Pleosporales,unclassified_o__Pleosporales
ASV_842,k__Fungi,p__Ascomycota,c__Dothideomycetes,o__Pleosporales,f__Melanommataceae,g__Alpinaria,s__rhododendri
