#TAXONOMY,Kingdom,Phylum,Class,Order,Family,Genus,Species
ASV_1,k__Fungi,p__Ascomycota,c__Sordariomycetes,o__Xylariales,f__Hyponectriaceae,g__Microdochium,s__nivalis
ASV_3,k__Fungi,p__Ascomycota,c__Dothideomycetes,o__Capnodiales,f__Cladosporiaceae,g__Cladosporium,s__ramotenellum
ASV_4,k__Fungi,p__Ascomycota,c__Sordariomycetes,o__Xylariales,f__Hyponectriaceae,g__Microdochium,s__nivalis
ASV_8,k__Fungi,p__Ascomycota,c__Dothideomycetes,o__Pleosporales,f__Didymellaceae,g__Neoascochyta,s__exitialis
ASV_12,k__Fungi,p__Basidiomycota,c__Tremellomycetes,o__Tremellales,f__Bulleribasidiaceae,g__Vishniacozyma,s__tephrensis
ASV_13,k__Fungi,p__Ascomycota,c__Leotiomycetes,o__Thelebolales,f__Pseudeurotiaceae,g__Pseudogymnoascus,s__sp
ASV_14,k__Fungi,p__Ascomycota,c__Leotiomycetes,o__Helotiales,f__Helotiaceae,g__Tetracladium,s__sp
ASV_15,k__Fungi,p__Ascomycota,c__Leotiomycetes,o__Helotiales,f__Sclerotiniaceae,g__Sclerotinia,s__borealis
ASV_16,k__Fungi,p__Ascomycota,c__Leotiomycetes,o__Helotiales,f__Helotiaceae,g__Tetracladium,s__maxilliforme
ASV_17,k__Fungi,p__Basidiomycota,c__Tremellomycetes,o__Tremellales,f__Bulleribasidiaceae,g__Dioszegia,s__crocea
ASV_18,k__Fungi,p__Ascomycota,c__Leotiomycetes,o__Helotiales,f__Hyaloscyphaceae,g__Cistella,s__sp
ASV_19,k__Fungi,p__Ascomycota,c__Dothideomycetes,o__Pleosporales,f__Leptosphaeriaceae,g__Leptosphaeria,s__sclerotioides
ASV_20,k__Fungi,p__Ascomycota,c__Dothideomycetes,o__Pleosporales,f__Didymellaceae,g__Neoascochyta,s__graminicola
ASV_21,k__Fungi,p__Basidiomycota,c__Tremellomycetes,o__Tremellales,f__Bulleribasidiaceae,g__Vishniacozyma,s__victoriae
ASV_22,k__Fungi,p__Ascomycota,c__Leotiomycetes,o__Helotiales,f__Hyaloscyphaceae,g__Cistella,s__sp
ASV_23,k__Fungi,p__Basidiomycota,c__Agaricomycetes,o__Agaricales,f__Typhulaceae,g__Typhula,s__ishikariensis
ASV_24,k__Fungi,p__Basidiomycota,c__Agaricomycetes,o__Agaricales,f__Typhulaceae,g__Typhula,s__ishikariensis
ASV_26,k__Fungi,p__Basidiomycota,c__Tremellomycetes,o__Tremellales,f__Bulleribasidiaceae,g__Dioszegia,s__hungarica
ASV_28,k__Fungi,p__Ascomycota,c__Leotiomycetes,o__Helotiales,f__Pleuroascaceae,g__Entimomentora,s__hyalina
ASV_29,k__Fungi,p__Ascomycota,c__Leotiomycetes,o__Thelebolales,f__Pseudeurotiaceae,g__Pseudogymnoascus,s__sp
ASV_31,k__Fungi,p__Basidiomycota,c__Tremellomycetes,o__Tremellales,f__Bulleribasidiaceae,g__Vishniacozyma,s__victoriae
ASV_32,k__Fungi,p__Basidiomycota,c__Tremellomycetes,o__Tremellales,f__Bulleribasidiaceae,g__Dioszegia,s__hungarica
ASV_34,k__Fungi,p__Basidiomycota,c__Tremellomycetes,o__Tremellales,f__Bulleribasidiaceae,g__Vishniacozyma,s__victoriae
ASV_35,k__Fungi,p__Basidiomycota,c__Tremellomycetes,o__Cystofilobasidiales,f__Mrakiaceae,g__Itersonilia,s__pannonica
ASV_36,k__Fungi,p__Ascomycota,c__Dothideomycetes,o__Pleosporales,f__Leptosphaeriaceae,g__Leptosphaeria,s__sclerotioides
ASV_37,k__Fungi,p__Ascomycota,c__Dothideomycetes,o__Pleosporales,f__Phaeosphaeriaceae,g__Phaeosphaeria,s__tofieldiae
ASV_38,k__Fungi,p__Ascomycota,c__Leotiomycetes,o__Thelebolales,f__Pseudeurotiaceae,g__Pseudogymnoascus,s__roseus
ASV_42,k__Fungi,p__Ascomycota,c__Leotiomycetes,o__Helotiales,f__Ploettnerulaceae,g__Helgardiomyces,s__anguioides
ASV_43,k__Fungi,p__Ascomycota,c__Dothideomycetes,o__Capnodiales,f__Mycosphaerellaceae,g__Zymoseptoria,s__tritici
ASV_44,k__Fungi,p__Ascomycota,c__Dothideomycetes,o__Pleosporales,f__Phaeosphaeriaceae,g__Phaeosphaeria,s__sp
ASV_45,k__Fungi,p__Ascomycota,c__Sordariomycetes,o__Hypocreales,unclassified_o__Hypocreales,unclassified_o__Hypocreales,unclassified_o__Hypocreales
ASV_46,k__Fungi,p__Ascomycota,c__Sordariomycetes,o__Hypocreales,f__Nectriaceae,g__Fusarium,s__iranicum
ASV_47,k__Fungi,p__Ascomycota,c__Sordariomycetes,o__Hypocreales,f__Nectriaceae,g__Fusarium,s__acuminatum
ASV_48,k__Fungi,p__Ascomycota,c__Dothideomycetes,o__Pleosporales,f__Didymellaceae,unclassified_f__Didymellaceae,unclassified_f__Didymellaceae
ASV_49,k__Fungi,p__Ascomycota,c__Leotiomycetes,o__Helotiales,f__Dermateaceae,g__Oculimacula,s__yallundae
ASV_51,k__Fungi,p__Ascomycota,c__Dothideomycetes,o__Pleosporales,f__Didymellaceae,g__Epicoccum,s__nigrum
ASV_53,k__Fungi,p__Ascomycota,c__Sordariomycetes,o__Hypocreales,f__Nectriaceae,g__Nectria,s__ramulariae
ASV_55,k__Fungi,p__Ascomycota,c__Dothideomycetes,o__Pleosporales,f__Phaeosphaeriaceae,g__Phaeosphaeria,s__tofieldiae
ASV_57,k__Fungi,p__Basidiomycota,c__Agaricomycetes,o__Agaricales,f__Typhulaceae,g__Typhula,s__incarnata
ASV_59,k__Fungi,p__Basidiomycota,c__Tremellomycetes,o__Tremellales,f__Bulleribasidiaceae,g__Dioszegia,s__crocea
ASV_60,k__Fungi,p__Ascomycota,c__Leotiomycetes,o__Thelebolales,f__Pseudeurotiaceae,g__Pseudogymnoascus,unclassified_g__Pseudogymnoascus
ASV_61,k__Fungi,p__Ascomycota,c__Sordariomycetes,o__Hypocreales,f__Nectriaceae,g__Fusarium,s__salinense
ASV_62,k__Fungi,p__Ascomycota,c__Sordariomycetes,o__Hypocreales,f__Nectriaceae,g__Fusarium,s__coffeatum
ASV_63,k__Fungi,p__Basidiomycota,c__Tremellomycetes,o__Tremellales,f__Bulleribasidiaceae,g__Vishniacozyma,s__globispora
ASV_65,k__Fungi,p__Ascomycota,c__Dothideomycetes,o__Pleosporales,f__Pleosporaceae,g__Alternaria,s__angustiovoidea
ASV_66,k__Fungi,p__Ascomycota,c__Sordariomycetes,o__Hypocreales,f__Nectriaceae,g__Gibberella,s__tricincta
ASV_67,k__Fungi,p__Ascomycota,c__Dothideomycetes,o__Pleosporales,f__Phaeosphaeriaceae,g__Phaeosphaeria,s__tofieldiae
ASV_69,k__Fungi,p__Ascomycota,c__Dothideomycetes,o__Capnodiales,f__Cladosporiaceae,g__Cladosporium,s__ramotenellum
ASV_73,k__Fungi,p__Ascomycota,c__Sordariomycetes,o__Xylariales,f__Hyponectriaceae,g__Microdochium,s__nivalis
ASV_78,k__Fungi,p__Ascomycota,c__Leotiomycetes,o__Helotiales,f__Ploettnerulaceae,g__Helgardiomyces,s__anguioides
ASV_79,k__Fungi,p__Ascomycota,c__Dothideomycetes,o__Pleosporales,f__Massarinaceae,g__Stagonospora,s__pseudovitensis
ASV_82,k__Fungi,p__Ascomycota,c__Dothideomycetes,o__Pleosporales,f__Didymellaceae,g__Neoascochyta,s__europaea
ASV_83,k__Fungi,p__Basidiomycota,c__Agaricomycetes,o__Agaricales,f__Typhulaceae,g__Typhula,s__incarnata
ASV_84,k__Fungi,p__Ascomycota,c__Leotiomycetes,o__Helotiales,f__Helotiaceae,g__Tetracladium,s__sp
ASV_85,k__Fungi,p__Ascomycota,c__Dothideomycetes,o__Pleosporales,f__Phaeosphaeriaceae,g__Neosetophoma,s__samarorum
ASV_90,k__Fungi,p__Ascomycota,c__Leotiomycetes,o__Helotiales,f__Helotiaceae,g__Tetracladium,unclassified_g__Tetracladium
ASV_91,k__Fungi,p__Basidiomycota,c__Microbotryomycetes,o__Sporidiobolales,f__Sporidiobolaceae,g__Sporobolomyces,s__roseus
ASV_92,k__Fungi,p__Ascomycota,c__Leotiomycetes,o__Helotiales,f__Helotiaceae,g__Articulospora,s__proliferata
ASV_93,k__Fungi,p__Basidiomycota,c__Agaricomycetes,o__Cantharellales,f__Ceratobasidiaceae,g__Ceratobasidium,s__cereale
ASV_96,k__Fungi,p__Ascomycota,c__Leotiomycetes,o__Helotiales,f__Helotiales_fam_Incertae_sedis,g__Rhexocercosporidium,s__panacis
ASV_98,k__Fungi,p__Basidiomycota,c__Tremellomycetes,o__Tremellales,f__Bulleribasidiaceae,g__Vishniacozyma,s__tephrensis
ASV_102,k__Fungi,p__Ascomycota,c__Sordariomycetes,o__Hypocreales,f__Hypocreales_fam_Incertae_sedis,g__Sarocladium,s__summerbellii
ASV_103,k__Fungi,p__Ascomycota,c__Dothideomycetes,o__Pleosporales,f__Lentitheciaceae,g__Keissleriella,unclassified_g__Keissleriella
ASV_107,k__Fungi,p__Basidiomycota,c__Agaricomycetes,o__Cantharellales,f__Ceratobasidiaceae,g__Ceratobasidium,s__cereale
ASV_108,k__Fungi,p__Ascomycota,c__Leotiomycetes,o__Thelebolales,f__Pseudeurotiaceae,g__Pseudogymnoascus,unclassified_g__Pseudogymnoascus
ASV_111,k__Fungi,p__Ascomycota,c__Dothideomycetes,o__Pleosporales,f__Pleosporaceae,g__Alternaria,s__oregonensis
ASV_112,k__Fungi,p__Basidiomycota,c__Agaricomycetes,o__Cantharellales,f__Ceratobasidiaceae,g__Ceratorhiza,s__rhizodes
ASV_114,k__Fungi,p__Ascomycota,c__Dothideomycetes,o__Pleosporales,f__Phaeosphaeriaceae,g__Phaeosphaeria,s__tofieldiae
ASV_115,k__Fungi,p__Ascomycota,c__Dothideomycetes,o__Pleosporales,f__Pleosporaceae,g__Alternaria,s__rosae
ASV_116,k__Fungi,p__Ascomycota,c__Dothideomycetes,o__Pleosporales,f__Phaeosphaeriaceae,unclassified_f__Phaeosphaeriaceae,unclassified_f__Phaeosphaeriaceae
ASV_119,k__Fungi,p__Ascomycota,c__Dothideomycetes,o__Pleosporales,unclassified_o__Pleosporales,unclassified_o__Pleosporales,unclassified_o__Pleosporales
ASV_120,k__Fungi,p__Basidiomycota,c__Microbotryomycetes,o__Kriegeriales,f__Kriegeriaceae,g__Phenoliferia,s__psychrophila
ASV_121,k__Fungi,p__Basidiomycota,c__Tremellomycetes,o__Cystofilobasidiales,f__Mrakiaceae,g__Mrakia,s__frigida
ASV_123,k__Fungi,p__Ascomycota,c__Dothideomycetes,o__Pleosporales,f__Pleosporaceae,g__Alternaria,s__oregonensis
ASV_124,k__Fungi,p__Basidiomycota,c__Agaricomycetes,o__Agaricales,f__Typhulaceae,g__Typhula,s__incarnata
ASV_130,k__Fungi,p__Chytridiomycota,unclassified_p__Chytridiomycota,unclassified_p__Chytridiomycota,unclassified_p__Chytridiomycota,unclassified_p__Chytridiomycota,unclassified_p__Chytridiomycota
ASV_134,k__Fungi,p__Basidiomycota,c__Tremellomycetes,o__Cystofilobasidiales,f__Mrakiaceae,g__Mrakia,s__niccombsii
ASV_135,k__Fungi,p__Basidiomycota,c__Agaricomycetes,o__Atheliales,f__Atheliaceae,g__Athelia,unclassified_g__Athelia
ASV_137,k__Fungi,p__Basidiomycota,c__Agaricomycetes,o__Agaricales,f__Typhulaceae,g__Typhula,s__variabilis
ASV_139,k__Fungi,p__Ascomycota,c__Leotiomycetes,o__Helotiales,f__Helotiales_fam_Incertae_sedis,g__Obtectodiscus,unclassified_g__Obtectodiscus
ASV_140,k__Fungi,p__Ascomycota,c__Leotiomycetes,o__Erysiphales,f__Erysiphaceae,g__Blumeria,s__graminis
ASV_141,k__Fungi,p__Basidiomycota,c__Agaricomycetes,o__Agaricales,f__Typhulaceae,g__Typhula,s__ishikariensis
ASV_145,k__Fungi,p__Ascomycota,c__Sordariomycetes,o__Xylariales,f__Hyponectriaceae,g__Microdochium,s__nivalis
ASV_146,k__Fungi,p__Ascomycota,c__Dothideomycetes,o__Pleosporales,f__Phaeosphaeriaceae,g__Septoriella,s__hirta
ASV_150,k__Fungi,p__Ascomycota,c__Eurotiomycetes,o__Chaetothyriales,f__Herpotrichiellaceae,g__Phialophora,s__mustea
ASV_155,k__Fungi,p__Ascomycota,c__Leotiomycetes,o__Helotiales,f__Helotiaceae,unclassified_f__Helotiaceae,unclassified_f__Helotiaceae
ASV_156,k__Fungi,p__Ascomycota,c__Leotiomycetes,o__Helotiales,f__Helotiaceae,g__Tetracladium,unclassified_g__Tetracladium
ASV_157,k__Fungi,p__Basidiomycota,c__Tremellomycetes,o__Filobasidiales,f__Filobasidiaceae,g__Filobasidium,s__stepposum
ASV_159,k__Fungi,p__Ascomycota,c__Dothideomycetes,o__Pleosporales,f__Phaeosphaeriaceae,unclassified_f__Phaeosphaeriaceae,unclassified_f__Phaeosphaeriaceae
ASV_160,k__Fungi,p__Ascomycota,c__Leotiomycetes,o__Helotiales,f__Helotiales_fam_Incertae_sedis,g__Rhexocercosporidium,unclassified_g__Rhexocercosporidium
ASV_162,k__Fungi,p__Ascomycota,c__Dothideomycetes,o__Pleosporales,f__Phaeosphaeriaceae,g__Parastagonospora,unclassified_g__Parastagonospora
ASV_165,k__Fungi,p__Basidiomycota,c__Agaricomycetes,o__Atheliales,f__Atheliaceae,g__Athelia,unclassified_g__Athelia
ASV_167,k__Fungi,p__Ascomycota,c__Leotiomycetes,o__Helotiales,f__Helotiales_fam_Incertae_sedis,g__Rhexocercosporidium,s__panacis
ASV_174,k__Fungi,p__Ascomycota,c__Dothideomycetes,o__Pleosporales,unclassified_o__Pleosporales,unclassified_o__Pleosporales,unclassified_o__Pleosporales
ASV_181,k__Fungi,p__Basidiomycota,c__Tremellomycetes,o__Holtermanniales,f__Holtermanniales_fam_Incertae_sedis,g__Holtermanniella,s__takashimae
ASV_189,k__Fungi,p__Basidiomycota,c__Microbotryomycetes,o__Leucosporidiales,f__Leucosporidiaceae,g__Leucosporidium,s__golubevii
ASV_190,k__Fungi,p__Ascomycota,c__Dothideomycetes,o__Pleosporales,f__Pleosporaceae,g__Alternaria,unclassified_g__Alternaria
ASV_191,k__Fungi,p__Ascomycota,c__Leotiomycetes,o__Helotiales,f__Helotiaceae,g__Tetracladium,unclassified_g__Tetracladium
ASV_193,k__Fungi,p__Basidiomycota,c__Tremellomycetes,o__Cystofilobasidiales,f__Mrakiaceae,g__Mrakia,s__frigida
ASV_195,k__Fungi,p__Basidiomycota,c__Agaricomycetes,o__Agaricales,f__Agaricales_fam_Incertae_sedis,g__Uncobasidium,unclassified_g__Uncobasidium
ASV_198,k__Fungi,p__Ascomycota,c__Dothideomycetes,o__Pleosporales,f__Phaeosphaeriaceae,g__Phaeosphaeria,s__tofieldiae
ASV_199,k__Fungi,p__Ascomycota,c__Sordariomycetes,o__Melanosporales,f__Ceratostomataceae,g__Harzia,unclassified_g__Harzia
ASV_201,k__Fungi,p__Basidiomycota,c__Tremellomycetes,o__Cystofilobasidiales,f__Mrakiaceae,g__Mrakia,s__frigida
ASV_202,k__Fungi,p__Ascomycota,c__Dothideomycetes,o__Capnodiales,unclassified_o__Capnodiales,unclassified_o__Capnodiales,unclassified_o__Capnodiales
ASV_204,k__Fungi,p__Ascomycota,c__Sordariomycetes,o__Hypocreales,f__Bionectriaceae,unclassified_f__Bionectriaceae,unclassified_f__Bionectriaceae
ASV_206,k__Fungi,p__Basidiomycota,c__Microbotryomycetes,o__Kriegeriales,f__Kriegeriaceae,g__Phenoliferia,s__psychrophenolica
ASV_212,k__Fungi,p__Ascomycota,c__Dothideomycetes,o__Pleosporales,f__Pleosporaceae,g__Alternaria,unclassified_g__Alternaria
ASV_217,k__Fungi,p__Basidiomycota,c__Exobasidiomycetes,o__Entylomatales,f__Entylomataceae,g__Entyloma,s__calendulae
ASV_218,k__Fungi,p__Ascomycota,c__Dothideomycetes,o__Pleosporales,f__Massarinaceae,g__Stagonospora,s__pseudovitensis
ASV_220,k__Fungi,p__Basidiomycota,c__Microbotryomycetes,o__Sporidiobolales,f__Sporidiobolaceae,g__Sporobolomyces,s__roseus
ASV_223,k__Fungi,p__Basidiomycota,c__Agaricomycetes,o__Agaricales,f__Typhulaceae,g__Typhula,s__incarnata
ASV_224,k__Fungi,p__Ascomycota,c__Sordariomycetes,o__Hypocreales,f__Hypocreales_fam_Incertae_sedis,g__Sarocladium,unclassified_g__Sarocladium
ASV_230,k__Fungi,p__Basidiomycota,c__Microbotryomycetes,o__Kriegeriales,f__Kriegeriaceae,g__Phenoliferia,s__psychrophila
ASV_238,k__Fungi,p__Ascomycota,c__Dothideomycetes,o__Pleosporales,f__Phaeosphaeriaceae,g__Paraphoma,s__chrysanthemicola
ASV_248,k__Fungi,p__Basidiomycota,c__Tremellomycetes,o__Cystofilobasidiales,unclassified_o__Cystofilobasidiales,unclassified_o__Cystofilobasidiales,unclassified_o__Cystofilobasidiales
ASV_251,k__Fungi,p__Ascomycota,c__Leotiomycetes,o__Helotiales,f__Helotiales_fam_Incertae_sedis,g__Rhexocercosporidium,s__panacis
ASV_256,k__Fungi,p__Ascomycota,c__Sordariomycetes,o__Hypocreales,f__Sarocladiaceae,g__Parasarocladium,unclassified_g__Parasarocladium
ASV_258,k__Fungi,p__Chytridiomycota,unclassified_p__Chytridiomycota,unclassified_p__Chytridiomycota,unclassified_p__Chytridiomycota,unclassified_p__Chytridiomycota,unclassified_p__Chytridiomycota
ASV_259,k__Fungi,p__Chytridiomycota,unclassified_p__Chytridiomycota,unclassified_p__Chytridiomycota,unclassified_p__Chytridiomycota,unclassified_p__Chytridiomycota,unclassified_p__Chytridiomycota
ASV_267,k__Fungi,p__Basidiomycota,c__Tremellomycetes,o__Cystofilobasidiales,f__Cystofilobasidiaceae,g__Cystofilobasidium,s__macerans
ASV_269,k__Fungi,p__Basidiomycota,c__Tremellomycetes,o__Holtermanniales,f__Holtermanniales_fam_Incertae_sedis,g__Holtermanniella,s__takashimae
ASV_271,k__Fungi,p__Ascomycota,c__Leotiomycetes,o__Helotiales,f__Hyaloscyphaceae,g__Cistella,unclassified_g__Cistella
ASV_272,k__Fungi,p__Ascomycota,c__Leotiomycetes,o__Helotiales,f__Helotiaceae,unclassified_f__Helotiaceae,unclassified_f__Helotiaceae
ASV_278,k__Fungi,p__Basidiomycota,c__Tremellomycetes,o__Tremellales,unclassified_o__Tremellales,unclassified_o__Tremellales,unclassified_o__Tremellales
ASV_282,k__Fungi,p__Ascomycota,c__Dothideomycetes,o__Pleosporales,f__Didymellaceae,g__Neoascochyta,s__europaea
ASV_283,k__Fungi,p__Ascomycota,c__Dothideomycetes,o__Dothideales,f__Aureobasidiaceae,g__Aureobasidium,s__pullulans
ASV_284,k__Fungi,p__Basidiomycota,c__Agaricomycetes,o__Agaricales,f__Typhulaceae,g__Typhula,s__incarnata
ASV_286,k__Fungi,p__Basidiomycota,c__Agaricomycetes,o__Agaricales,f__Typhulaceae,g__Typhula,s__incarnata
ASV_287,k__Fungi,p__Ascomycota,c__Dothideomycetes,o__Capnodiales,f__Dissoconiaceae,g__Dissoconium,unclassified_g__Dissoconium
ASV_289,k__Fungi,p__Ascomycota,c__Dothideomycetes,o__Pleosporales,f__Phaeosphaeriaceae,g__Loratospora,s__luzulae
ASV_290,k__Fungi,p__Basidiomycota,c__Tremellomycetes,o__Cystofilobasidiales,f__Mrakiaceae,g__Mrakia,unclassified_g__Mrakia
ASV_291,k__Fungi,p__Ascomycota,c__Leotiomycetes,o__Helotiales,f__Helotiaceae,g__Tetracladium,unclassified_g__Tetracladium
ASV_292,k__Fungi,p__Basidiomycota,c__Tremellomycetes,o__Filobasidiales,f__Filobasidiaceae,g__Filobasidium,s__floriforme
ASV_293,k__Fungi,p__Ascomycota,c__Sordariomycetes,o__Hypocreales,f__Bionectriaceae,unclassified_f__Bionectriaceae,unclassified_f__Bionectriaceae
ASV_295,k__Fungi,p__Ascomycota,c__Sordariomycetes,o__Xylariales,f__Hyponectriaceae,g__Microdochium,s__nivalis
ASV_305,k__Fungi,p__Ascomycota,c__Dothideomycetes,o__Pleosporales,f__Phaeosphaeriaceae,g__Phaeosphaeria,s__tofieldiae
ASV_306,k__Fungi,p__Basidiomycota,c__Agaricomycetes,o__Agaricales,f__Typhulaceae,g__Typhula,unclassified_g__Typhula
ASV_308,k__Fungi,p__Basidiomycota,c__Tremellomycetes,o__Cystofilobasidiales,f__Mrakiaceae,g__Mrakia,s__frigida
ASV_311,k__Fungi,p__Ascomycota,c__Dothideomycetes,o__Pleosporales,f__Pleosporaceae,g__Alternaria,s__oregonensis
ASV_314,k__Fungi,p__Basidiomycota,c__Agaricomycetes,o__Agaricales,f__Typhulaceae,g__Typhula,s__incarnata
ASV_328,k__Fungi,p__Basidiomycota,c__Tremellomycetes,o__Cystofilobasidiales,f__Mrakiaceae,g__Mrakia,s__frigida
ASV_336,k__Fungi,p__Basidiomycota,c__Tremellomycetes,o__Cystofilobasidiales,f__Mrakiaceae,g__Mrakia,s__frigida
ASV_352,k__Fungi,p__Basidiomycota,c__Agaricomycetes,o__Agaricales,f__Typhulaceae,g__Typhula,s__incarnata
ASV_354,k__Fungi,p__Basidiomycota,c__Tremellomycetes,o__Cystofilobasidiales,f__Mrakiaceae,g__Udeniomyces,s__puniceus
ASV_356,k__Fungi,p__Ascomycota,c__Leotiomycetes,o__Helotiales,f__Helotiaceae,unclassified_f__Helotiaceae,unclassified_f__Helotiaceae
ASV_359,k__Fungi,p__Basidiomycota,c__Microbotryomycetes,o__Leucosporidiales,f__Leucosporidiaceae,g__Leucosporidium,s__drummii
ASV_362,k__Fungi,p__Basidiomycota,c__Agaricomycetes,o__Agaricales,f__Typhulaceae,g__Typhula,s__incarnata
ASV_365,k__Fungi,p__Ascomycota,c__Leotiomycetes,o__Helotiales,f__Helotiaceae,unclassified_f__Helotiaceae,unclassified_f__Helotiaceae
ASV_366,k__Fungi,p__Chytridiomycota,c__Rhizophydiomycetes,o__Rhizophydiales,f__Alphamycetaceae,g__Betamyces,unclassified_g__Betamyces
ASV_372,k__Fungi,p__Basidiomycota,c__Agaricomycetes,o__Agaricales,f__Typhulaceae,g__Typhula,s__erythropus
ASV_376,k__Fungi,p__Ascomycota,c__Leotiomycetes,o__Helotiales,f__Dermateaceae,g__Pyrenopeziza,unclassified_g__Pyrenopeziza
ASV_377,k__Fungi,p__Basidiomycota,c__Tremellomycetes,o__Tremellales,f__Bulleribasidiaceae,g__Dioszegia,s__fristingensis
ASV_379,k__Fungi,p__Ascomycota,c__Dothideomycetes,o__Pleosporales,f__Phaeosphaeriaceae,g__Loratospora,s__luzulae
ASV_382,k__Fungi,p__Ascomycota,c__Dothideomycetes,o__Venturiales,f__Sympoventuriaceae,g__Ochroconis,unclassified_g__Ochroconis
ASV_383,k__Fungi,p__Ascomycota,c__Dothideomycetes,o__Venturiales,f__Sympoventuriaceae,g__Ochroconis,unclassified_g__Ochroconis
ASV_386,k__Fungi,p__Ascomycota,c__Leotiomycetes,o__Helotiales,f__Helotiaceae,g__Helicodendron,s__luteoalbum
ASV_388,k__Fungi,p__Basidiomycota,c__Exobasidiomycetes,o__Entylomatales,f__Entylomataceae,g__Entyloma,unclassified_g__Entyloma
ASV_395,k__Fungi,p__Ascomycota,c__Dothideomycetes,o__Pleosporales,f__Pleosporaceae,g__Alternaria,s__oregonensis
ASV_405,k__Fungi,p__Basidiomycota,c__Tremellomycetes,o__Cystofilobasidiales,f__Cystofilobasidiaceae,g__Cystofilobasidium,s__macerans
ASV_407,k__Fungi,p__Basidiomycota,c__Cystobasidiomycetes,o__Erythrobasidiales,unclassified_o__Erythrobasidiales,unclassified_o__Erythrobasidiales,unclassified_o__Erythrobasidiales
ASV_409,k__Fungi,p__Basidiomycota,c__Tremellomycetes,o__Tremellales,f__Bulleribasidiaceae,g__Vishniacozyma,s__dimennae
ASV_413,k__Fungi,p__Basidiomycota,c__Tremellomycetes,o__Tremellales,f__Bulleribasidiaceae,g__Dioszegia,s__hungarica
ASV_429,k__Fungi,p__Ascomycota,c__Dothideomycetes,o__Pleosporales,unclassified_o__Pleosporales,unclassified_o__Pleosporales,unclassified_o__Pleosporales
ASV_431,k__Fungi,p__Basidiomycota,c__Tremellomycetes,o__Cystofilobasidiales,f__Cystofilobasidiaceae,g__Cystofilobasidium,s__macerans
ASV_437,k__Fungi,p__Ascomycota,c__Dothideomycetes,o__Pleosporales,f__Phaeosphaeriaceae,unclassified_f__Phaeosphaeriaceae,unclassified_f__Phaeosphaeriaceae
ASV_438,k__Fungi,p__Ascomycota,c__Taphrinomycetes,o__Taphrinales,f__Protomycetaceae,g__Protomyces,s__inouyei
ASV_439,k__Fungi,p__Basidiomycota,c__Tremellomycetes,o__Filobasidiales,f__Filobasidiaceae,g__Filobasidium,unclassified_g__Filobasidium
ASV_450,k__Fungi,p__Ascomycota,c__Leotiomycetes,o__Helotiales,f__Hyaloscyphaceae,g__Microscypha,unclassified_g__Microscypha
ASV_451,k__Fungi,p__Basidiomycota,c__Agaricomycetes,o__Agaricales,f__Typhulaceae,g__Typhula,s__variabilis
ASV_453,k__Fungi,p__Ascomycota,c__Dothideomycetes,o__Venturiales,f__Sympoventuriaceae,g__Ochroconis,unclassified_g__Ochroconis
ASV_463,k__Fungi,p__Basidiomycota,c__Microbotryomycetes,o__Leucosporidiales,f__Leucosporidiaceae,g__Leucosporidium,s__golubevii
ASV_464,k__Fungi,p__Basidiomycota,c__Agaricomycetes,o__Agaricales,f__Typhulaceae,g__Typhula,s__incarnata
ASV_466,k__Fungi,p__Chytridiomycota,c__Rhizophydiomycetes,o__Rhizophydiales,f__Alphamycetaceae,g__Betamyces,unclassified_g__Betamyces
ASV_467,k__Fungi,p__Basidiomycota,c__Tremellomycetes,o__Cystofilobasidiales,f__Mrakiaceae,g__Mrakia,s__niccombsii
ASV_470,k__Fungi,p__Ascomycota,c__Dothideomycetes,o__Capnodiales,f__Cladosporiaceae,g__Cladosporium,s__ramotenellum
ASV_474,k__Fungi,p__Ascomycota,c__Leotiomycetes,o__Helotiales,f__Hyaloscyphaceae,g__Microscypha,unclassified_g__Microscypha
ASV_475,k__Fungi,p__Ascomycota,c__Dothideomycetes,o__Pleosporales,f__Didymellaceae,g__Ascochyta,s__var._macrospora
ASV_491,k__Fungi,p__Ascomycota,c__Leotiomycetes,o__Helotiales,f__Helotiaceae,unclassified_f__Helotiaceae,unclassified_f__Helotiaceae
ASV_492,k__Fungi,p__Basidiomycota,c__Tremellomycetes,o__Tremellales,f__Bulleribasidiaceae,g__Dioszegia,s__fristingensis
ASV_501,k__Fungi,p__Basidiomycota,c__Exobasidiomycetes,o__Entylomatales,f__Entylomataceae,g__Entyloma,s__calendulae
ASV_504,k__Fungi,p__Basidiomycota,c__Cystobasidiomycetes,o__Cystobasidiomycetes_ord_Incertae_sedis,f__Symmetrosporaceae,g__Symmetrospora,s__coprosmae
ASV_508,k__Fungi,p__Ascomycota,c__Dothideomycetes,o__Venturiales,f__Sympoventuriaceae,g__Ochroconis,unclassified_g__Ochroconis
ASV_514,k__Fungi,p__Ascomycota,c__Taphrinomycetes,o__Taphrinales,f__Protomycetaceae,g__Protomyces,s__inouyei
ASV_515,k__Fungi,p__Ascomycota,c__Leotiomycetes,o__Thelebolales,f__Thelebolaceae,g__Thelebolus,s__spongiae
ASV_517,k__Fungi,p__Ascomycota,c__Leotiomycetes,o__Helotiales,f__Dermateaceae,unclassified_f__Dermateaceae,unclassified_f__Dermateaceae
ASV_518,k__Fungi,p__Basidiomycota,c__Agaricomycetes,o__Atheliales,f__Atheliaceae,g__Athelia,unclassified_g__Athelia
ASV_521,k__Fungi,p__Ascomycota,c__Leotiomycetes,o__Helotiales,f__Helotiales_fam_Incertae_sedis,g__Rhexocercosporidium,s__panacis
ASV_528,k__Fungi,p__Basidiomycota,c__Tremellomycetes,o__Cystofilobasidiales,f__Mrakiaceae,g__Mrakia,s__frigida
ASV_532,k__Fungi,p__Ascomycota,c__Sordariomycetes,o__Hypocreales,f__Bionectriaceae,unclassified_f__Bionectriaceae,unclassified_f__Bionectriaceae
ASV_536,k__Fungi,p__Ascomycota,c__Leotiomycetes,o__Helotiales,f__Helotiaceae,g__Tetracladium,unclassified_g__Tetracladium
ASV_542,k__Fungi,p__Ascomycota,c__Leotiomycetes,o__Helotiales,f__Helotiaceae,g__Articulospora,s__proliferata
ASV_543,k__Fungi,p__Basidiomycota,c__Agaricomycetes,o__Agaricales,f__Typhulaceae,g__Typhula,s__incarnata
ASV_544,k__Fungi,p__Basidiomycota,c__Agaricomycetes,o__Agaricales,f__Agaricales_fam_Incertae_sedis,g__Uncobasidium,unclassified_g__Uncobasidium
ASV_551,k__Fungi,p__Ascomycota,c__Leotiomycetes,o__Helotiales,f__Helotiaceae,g__Tetracladium,unclassified_g__Tetracladium
ASV_552,k__Fungi,p__Ascomycota,c__Dothideomycetes,o__Pleosporales,f__Pleosporaceae,g__Alternaria,unclassified_g__Alternaria
ASV_554,k__Fungi,p__Chytridiomycota,c__Rhizophydiomycetes,o__Rhizophydiales,f__Alphamycetaceae,g__Betamyces,unclassified_g__Betamyces
ASV_555,k__Fungi,p__Chytridiomycota,c__Rhizophydiomycetes,o__Rhizophydiales,f__Alphamycetaceae,g__Betamyces,unclassified_g__Betamyces
ASV_558,k__Fungi,p__Basidiomycota,c__Agaricomycetes,o__Agaricales,f__Typhulaceae,g__Typhula,s__incarnata
ASV_564,k__Fungi,p__Ascomycota,c__Sordariomycetes,o__Hypocreales,f__Bionectriaceae,g__Nectriopsis,s__lecanodes
ASV_565,k__Fungi,p__Ascomycota,c__Dothideomycetes,o__Pleosporales,unclassified_o__Pleosporales,unclassified_o__Pleosporales,unclassified_o__Pleosporales
ASV_569,k__Fungi,p__Ascomycota,c__Leotiomycetes,o__Helotiales,f__Helotiales_fam_Incertae_sedis,unclassified_f__Helotiales_fam_Incertae_sedis,unclassified_f__Helotiales_fam_Incertae_sedis
ASV_570,k__Fungi,p__Ascomycota,c__Leotiomycetes,o__Helotiales,f__Dermateaceae,g__Oculimacula,s__yallundae
ASV_579,k__Fungi,p__Ascomycota,c__Dothideomycetes,o__Pleosporales,unclassified_o__Pleosporales,unclassified_o__Pleosporales,unclassified_o__Pleosporales
ASV_580,k__Fungi,p__Basidiomycota,c__Tremellomycetes,o__Filobasidiales,f__Filobasidiaceae,g__Naganishia,s__adeliensis
ASV_591,k__Fungi,p__Ascomycota,c__Taphrinomycetes,o__Taphrinales,f__Protomycetaceae,g__Protomyces,s__inouyei
ASV_592,k__Fungi,p__Chytridiomycota,c__Rhizophydiomycetes,o__Rhizophydiales,f__Alphamycetaceae,g__Betamyces,unclassified_g__Betamyces
ASV_598,k__Fungi,p__Ascomycota,c__Leotiomycetes,o__Helotiales,f__Helotiales_fam_Incertae_sedis,g__Rhexocercosporidium,s__panacis
ASV_602,k__Fungi,p__Ascomycota,c__Leotiomycetes,o__Helotiales,f__Helotiaceae,g__Tetracladium,unclassified_g__Tetracladium
ASV_604,k__Fungi,p__Basidiomycota,c__Agaricomycetes,o__Agaricales,f__Typhulaceae,g__Typhula,s__incarnata
ASV_605,k__Fungi,p__Basidiomycota,c__Agaricomycetes,o__Agaricales,f__Typhulaceae,g__Typhula,s__incarnata
ASV_606,k__Fungi,p__Ascomycota,c__Sordariomycetes,o__Microascales,f__Halosphaeriaceae,unclassified_f__Halosphaeriaceae,unclassified_f__Halosphaeriaceae
