#NAME,Uniq_name,Location,Host,Sample_type,Desc
S26_S98,W_A_Roots1,Arsk,Wheat,Roots,W_A_Roots
S27_S99,W_A_Roots2,Arsk,Wheat,Roots,W_A_Roots
S29_S101,W_A_Roots3,Arsk,Wheat,Roots,W_A_Roots
S30_S102,W_A_Roots4,Arsk,Wheat,Roots,W_A_Roots
S32_S104,W_A_Roots5,Arsk,Wheat,Roots,W_A_Roots
S33_S105,W_A_Roots6,Arsk,Wheat,Roots,W_A_Roots
S34_S106,W_A_Roots7,Arsk,Wheat,Roots,W_A_Roots
S35_S107,W_A_Roots8,Arsk,Wheat,Roots,W_A_Roots
S61_S133,R_A_Roots1,Arsk,Rye,Roots,R_A_Roots
S63_S135,R_A_Roots2,Arsk,Rye,Roots,R_A_Roots
S64_S136,R_A_Roots3,Arsk,Rye,Roots,R_A_Roots
S67_S139,R_A_Roots4,Arsk,Rye,Roots,R_A_Roots
S68_S140,R_A_Roots5,Arsk,Rye,Roots,R_A_Roots
S69_S141,R_A_Roots6,Arsk,Rye,Roots,R_A_Roots
S70_S142,R_A_Roots7,Arsk,Rye,Roots,R_A_Roots
S71_S143,R_A_Roots8,Arsk,Rye,Roots,R_A_Roots
S97_S169,T_A_Roots1,Arsk,Triticale,Roots,T_A_Roots
S98_S170,T_A_Roots2,Arsk,Triticale,Roots,T_A_Roots
S99_S171,T_A_Roots3,Arsk,Triticale,Roots,T_A_Roots
S100_S172,T_A_Roots4,Arsk,Triticale,Roots,T_A_Roots
S101_S173,T_A_Roots5,Arsk,Triticale,Roots,T_A_Roots
S102_S174,T_A_Roots6,Arsk,Triticale,Roots,T_A_Roots
S105_S177,T_A_Roots7,Arsk,Triticale,Roots,T_A_Roots
S108_S180,T_A_Roots8,Arsk,Triticale,Roots,T_A_Roots
S133_S205,W_L_Roots1,Laishevo,Wheat,Roots,W_L_Roots
S134_S206,W_L_Roots2,Laishevo,Wheat,Roots,W_L_Roots
S135_S207,W_L_Roots3,Laishevo,Wheat,Roots,W_L_Roots
S137_S209,W_L_Roots4,Laishevo,Wheat,Roots,W_L_Roots
S139_S211,W_L_Roots5,Laishevo,Wheat,Roots,W_L_Roots
S140_S212,W_L_Roots6,Laishevo,Wheat,Roots,W_L_Roots
S143_S215,W_L_Roots7,Laishevo,Wheat,Roots,W_L_Roots
S144_S216,W_L_Roots8,Laishevo,Wheat,Roots,W_L_Roots
S169_S241,R_L_Roots1,Laishevo,Rye,Roots,R_L_Roots
S170_S242,R_L_Roots2,Laishevo,Rye,Roots,R_L_Roots
S172_S244,R_L_Roots3,Laishevo,Rye,Roots,R_L_Roots
S173_S245,R_L_Roots4,Laishevo,Rye,Roots,R_L_Roots
S175_S247,R_L_Roots5,Laishevo,Rye,Roots,R_L_Roots
S178_S250,R_L_Roots6,Laishevo,Rye,Roots,R_L_Roots
S179_S251,R_L_Roots7,Laishevo,Rye,Roots,R_L_Roots
S180_S252,R_L_Roots8,Laishevo,Rye,Roots,R_L_Roots
S205_S277,T_L_Roots1,Laishevo,Triticale,Roots,T_L_Roots
S209_S281,T_L_Roots2,Laishevo,Triticale,Roots,T_L_Roots
S211_S283,T_L_Roots3,Laishevo,Triticale,Roots,T_L_Roots
S212_S284,T_L_Roots4,Laishevo,Triticale,Roots,T_L_Roots
S213_S285,T_L_Roots5,Laishevo,Triticale,Roots,T_L_Roots
S214_S286,T_L_Roots6,Laishevo,Triticale,Roots,T_L_Roots
S215_S287,T_L_Roots7,Laishevo,Triticale,Roots,T_L_Roots
S216_S288,T_L_Roots8,Laishevo,Triticale,Roots,T_L_Roots
