#NAME,Uniq_name,Location,Host,Sample_type,Desc
S13_S85,W_A_DPS1,Arsk,Wheat,DPS,W_A_DPS
S16_S88,W_A_DPS2,Arsk,Wheat,DPS,W_A_DPS
S18_S90,W_A_DPS3,Arsk,Wheat,DPS,W_A_DPS
S19_S91,W_A_DPS4,Arsk,Wheat,DPS,W_A_DPS
S20_S92,W_A_DPS5,Arsk,Wheat,DPS,W_A_DPS
S22_S94,W_A_DPS6,Arsk,Wheat,DPS,W_A_DPS
S23_S95,W_A_DPS7,Arsk,Wheat,DPS,W_A_DPS
S24_S96,W_A_DPS8,Arsk,Wheat,DPS,W_A_DPS
S49_S121,W_R_DPS1,Arsk,Rye,DPS,R_A_DPS
S50_S122,W_R_DPS2,Arsk,Rye,DPS,R_A_DPS
S52_S124,W_R_DPS3,Arsk,Rye,DPS,R_A_DPS
S53_S125,W_R_DPS4,Arsk,Rye,DPS,R_A_DPS
S54_S126,W_R_DPS5,Arsk,Rye,DPS,R_A_DPS
S56_S128,W_R_DPS6,Arsk,Rye,DPS,R_A_DPS
S59_S131,W_R_DPS7,Arsk,Rye,DPS,R_A_DPS
S60_S132,W_R_DPS8,Arsk,Rye,DPS,R_A_DPS
S85_S157,T_A_DPS1,Arsk,Triticale,DPS,T_A_DPS
S86_S158,T_A_DPS2,Arsk,Triticale,DPS,T_A_DPS
S87_S159,T_A_DPS3,Arsk,Triticale,DPS,T_A_DPS
S88_S160,T_A_DPS4,Arsk,Triticale,DPS,T_A_DPS
S91_S163,T_A_DPS5,Arsk,Triticale,DPS,T_A_DPS
S92_S164,T_A_DPS6,Arsk,Triticale,DPS,T_A_DPS
S95_S167,T_A_DPS7,Arsk,Triticale,DPS,T_A_DPS
S96_S168,T_A_DPS8,Arsk,Triticale,DPS,T_A_DPS
S121_S193,W_L_DPS1,Laishevo,Wheat,DPS,W_L_DPS
S122_S194,W_L_DPS2,Laishevo,Wheat,DPS,W_L_DPS
S123_S195,W_L_DPS3,Laishevo,Wheat,DPS,W_L_DPS
S125_S197,W_L_DPS4,Laishevo,Wheat,DPS,W_L_DPS
S127_S199,W_L_DPS5,Laishevo,Wheat,DPS,W_L_DPS
S129_S201,W_L_DPS6,Laishevo,Wheat,DPS,W_L_DPS
S130_S202,W_L_DPS7,Laishevo,Wheat,DPS,W_L_DPS
S131_S203,W_L_DPS8,Laishevo,Wheat,DPS,W_L_DPS
S157_S229,R_L_DPS1,Laishevo,Rye,DPS,R_L_DPS
S159_S231,R_L_DPS2,Laishevo,Rye,DPS,R_L_DPS
S161_S233,R_L_DPS3,Laishevo,Rye,DPS,R_L_DPS
S162_S234,R_L_DPS4,Laishevo,Rye,DPS,R_L_DPS
S164_S236,R_L_DPS5,Laishevo,Rye,DPS,R_L_DPS
S165_S237,R_L_DPS6,Laishevo,Rye,DPS,R_L_DPS
S166_S238,R_L_DPS7,Laishevo,Rye,DPS,R_L_DPS
S167_S239,R_L_DPS8,Laishevo,Rye,DPS,R_L_DPS
S193_S265,T_L_DPS1,Laishevo,Triticale,DPS,T_L_DPS
S195_S267,T_L_DPS2,Laishevo,Triticale,DPS,T_L_DPS
S196_S268,T_L_DPS3,Laishevo,Triticale,DPS,T_L_DPS
S198_S270,T_L_DPS4,Laishevo,Triticale,DPS,T_L_DPS
S201_S273,T_L_DPS5,Laishevo,Triticale,DPS,T_L_DPS
S202_S274,T_L_DPS6,Laishevo,Triticale,DPS,T_L_DPS
S203_S275,T_L_DPS7,Laishevo,Triticale,DPS,T_L_DPS
S204_S276,T_L_DPS8,Laishevo,Triticale,DPS,T_L_DPS
