#NAME,Uniq_name,Location,Host,Sample_type,Desc
S26_S26,W_A_Roots1,Arsk,Wheat,Roots,W_A_Roots
S27_S27,W_A_Roots2,Arsk,Wheat,Roots,W_A_Roots
S29_S29,W_A_Roots3,Arsk,Wheat,Roots,W_A_Roots
S30_S30,W_A_Roots4,Arsk,Wheat,Roots,W_A_Roots
S32_S32,W_A_Roots5,Arsk,Wheat,Roots,W_A_Roots
S33_S33,W_A_Roots6,Arsk,Wheat,Roots,W_A_Roots
S34_S34,W_A_Roots7,Arsk,Wheat,Roots,W_A_Roots
S35_S35,W_A_Roots8,Arsk,Wheat,Roots,W_A_Roots
S61_S61,R_A_Roots1,Arsk,Rye,Roots,R_A_Roots
S63_S63,R_A_Roots2,Arsk,Rye,Roots,R_A_Roots
S64_S64,R_A_Roots3,Arsk,Rye,Roots,R_A_Roots
S67_S67,R_A_Roots4,Arsk,Rye,Roots,R_A_Roots
S68_S68,R_A_Roots5,Arsk,Rye,Roots,R_A_Roots
S69_S69,R_A_Roots6,Arsk,Rye,Roots,R_A_Roots
S70_S70,R_A_Roots7,Arsk,Rye,Roots,R_A_Roots
S71_S71,R_A_Roots8,Arsk,Rye,Roots,R_A_Roots
S97_S97,T_A_Roots1,Arsk,Triticale,Roots,T_A_Roots
S98_S98,T_A_Roots2,Arsk,Triticale,Roots,T_A_Roots
S99_S99,T_A_Roots3,Arsk,Triticale,Roots,T_A_Roots
S100_S100,T_A_Roots4,Arsk,Triticale,Roots,T_A_Roots
S101_S113,T_A_Roots5,Arsk,Triticale,Roots,T_A_Roots
S102_S114,T_A_Roots6,Arsk,Triticale,Roots,T_A_Roots
S105_S1,T_A_Roots7,Arsk,Triticale,Roots,T_A_Roots
S108_S4,T_A_Roots8,Arsk,Triticale,Roots,T_A_Roots
S133_S29,W_L_Roots1,Laishevo,Wheat,Roots,W_L_Roots
S134_S30,W_L_Roots2,Laishevo,Wheat,Roots,W_L_Roots
S135_S31,W_L_Roots3,Laishevo,Wheat,Roots,W_L_Roots
S137_S33,W_L_Roots4,Laishevo,Wheat,Roots,W_L_Roots
S139_S35,W_L_Roots5,Laishevo,Wheat,Roots,W_L_Roots
S140_S36,W_L_Roots6,Laishevo,Wheat,Roots,W_L_Roots
S143_S39,W_L_Roots7,Laishevo,Wheat,Roots,W_L_Roots
S144_S40,W_L_Roots8,Laishevo,Wheat,Roots,W_L_Roots
S169_S65,R_L_Roots1,Laishevo,Rye,Roots,R_L_Roots
S170_S66,R_L_Roots2,Laishevo,Rye,Roots,R_L_Roots
S172_S68,R_L_Roots3,Laishevo,Rye,Roots,R_L_Roots
S173_S69,R_L_Roots4,Laishevo,Rye,Roots,R_L_Roots
S175_S71,R_L_Roots5,Laishevo,Rye,Roots,R_L_Roots
S178_S74,R_L_Roots6,Laishevo,Rye,Roots,R_L_Roots
S179_S75,R_L_Roots7,Laishevo,Rye,Roots,R_L_Roots
S180_S76,R_L_Roots8,Laishevo,Rye,Roots,R_L_Roots
S205_S101,T_L_Roots1,Laishevo,Triticale,Roots,T_L_Roots
S209_S105,T_L_Roots2,Laishevo,Triticale,Roots,T_L_Roots
S211_S107,T_L_Roots3,Laishevo,Triticale,Roots,T_L_Roots
S212_S108,T_L_Roots4,Laishevo,Triticale,Roots,T_L_Roots
S213_S109,T_L_Roots5,Laishevo,Triticale,Roots,T_L_Roots
S214_S110,T_L_Roots6,Laishevo,Triticale,Roots,T_L_Roots
S215_S111,T_L_Roots7,Laishevo,Triticale,Roots,T_L_Roots
S216_S112,T_L_Roots8,Laishevo,Triticale,Roots,T_L_Roots
