#NAME,Uniq_name,Location,Host,Sample_type,Desc
S13_S13,W_A_DPS1,Arsk,Wheat,DPS,W_A_DPS
S16_S16,W_A_DPS2,Arsk,Wheat,DPS,W_A_DPS
S18_S18,W_A_DPS3,Arsk,Wheat,DPS,W_A_DPS
S19_S19,W_A_DPS4,Arsk,Wheat,DPS,W_A_DPS
S20_S20,W_A_DPS5,Arsk,Wheat,DPS,W_A_DPS
S22_S22,W_A_DPS6,Arsk,Wheat,DPS,W_A_DPS
S23_S23,W_A_DPS7,Arsk,Wheat,DPS,W_A_DPS
S24_S24,W_A_DPS8,Arsk,Wheat,DPS,W_A_DPS
S49_S49,R_A_DPS1,Arsk,Rye,DPS,R_A_DPS
S50_S50,R_A_DPS2,Arsk,Rye,DPS,R_A_DPS
S52_S52,R_A_DPS3,Arsk,Rye,DPS,R_A_DPS
S53_S53,R_A_DPS4,Arsk,Rye,DPS,R_A_DPS
S54_S54,R_A_DPS5,Arsk,Rye,DPS,R_A_DPS
S56_S56,R_A_DPS6,Arsk,Rye,DPS,R_A_DPS
S59_S59,R_A_DPS7,Arsk,Rye,DPS,R_A_DPS
S60_S60,R_A_DPS8,Arsk,Rye,DPS,R_A_DPS
S85_S85,T_A_DPS1,Arsk,Triticale,DPS,T_A_DPS
S86_S86,T_A_DPS2,Arsk,Triticale,DPS,T_A_DPS
S87_S87,T_A_DPS3,Arsk,Triticale,DPS,T_A_DPS
S88_S88,T_A_DPS4,Arsk,Triticale,DPS,T_A_DPS
S91_S91,T_A_DPS5,Arsk,Triticale,DPS,T_A_DPS
S92_S92,T_A_DPS6,Arsk,Triticale,DPS,T_A_DPS
S95_S95,T_A_DPS7,Arsk,Triticale,DPS,T_A_DPS
S96_S96,T_A_DPS8,Arsk,Triticale,DPS,T_A_DPS
S121_S17,W_L_DPS1,Laishevo,Wheat,DPS,W_L_DPS
S122_S18,W_L_DPS2,Laishevo,Wheat,DPS,W_L_DPS
S123_S19,W_L_DPS3,Laishevo,Wheat,DPS,W_L_DPS
S125_S21,W_L_DPS4,Laishevo,Wheat,DPS,W_L_DPS
S127_S23,W_L_DPS5,Laishevo,Wheat,DPS,W_L_DPS
S129_S25,W_L_DPS6,Laishevo,Wheat,DPS,W_L_DPS
S130_S26,W_L_DPS7,Laishevo,Wheat,DPS,W_L_DPS
S131_S27,W_L_DPS8,Laishevo,Wheat,DPS,W_L_DPS
S157_S53,R_L_DPS1,Laishevo,Rye,DPS,R_L_DPS
S159_S55,R_L_DPS2,Laishevo,Rye,DPS,R_L_DPS
S161_S57,R_L_DPS3,Laishevo,Rye,DPS,R_L_DPS
S162_S58,R_L_DPS4,Laishevo,Rye,DPS,R_L_DPS
S164_S60,R_L_DPS5,Laishevo,Rye,DPS,R_L_DPS
S165_S61,R_L_DPS6,Laishevo,Rye,DPS,R_L_DPS
S166_S62,R_L_DPS7,Laishevo,Rye,DPS,R_L_DPS
S167_S63,R_L_DPS8,Laishevo,Rye,DPS,R_L_DPS
S193_S89,T_L_DPS1,Laishevo,Triticale,DPS,T_L_DPS
S195_S91,T_L_DPS2,Laishevo,Triticale,DPS,T_L_DPS
S196_S92,T_L_DPS3,Laishevo,Triticale,DPS,T_L_DPS
S198_S94,T_L_DPS4,Laishevo,Triticale,DPS,T_L_DPS
S201_S97,T_L_DPS5,Laishevo,Triticale,DPS,T_L_DPS
S202_S98,T_L_DPS6,Laishevo,Triticale,DPS,T_L_DPS
S203_S99,T_L_DPS7,Laishevo,Triticale,DPS,T_L_DPS
S204_S100,T_L_DPS8,Laishevo,Triticale,DPS,T_L_DPS
